Experiment,Estimator,Noise Rate,Test Accuracy,Test AUC,EO_C1,DPD_C1,EOR_C1,PPD_C1,EO_C2,DPD_C2,EOR_C2,PPD_C2,filename
acsfoodstamps,lightgbm,0.3,0.7718,0.7552,0.2492,0.1186,0.1824,0.0776,0.0747,0.0934,0.1236,0.1231,concatenated
acsfoodstamps,mixup,0.3,0.8241,0.8286,0.1045,0.0502,0.0643,0.0444,0.045,0.0404,0.0591,0.0558,concatenated
acsfoodstamps,mlp,0.3,0.8147,0.8196,0.1399,0.0566,0.0861,0.0475,0.0545,0.0525,0.0713,0.0751,concatenated
acsfoodstamps,node,0.3,0.7986,0.7951,0.1249,0.0535,0.0763,0.0414,0.0503,0.0483,0.0655,0.0691,concatenated
acsfoodstamps,resnet,0.3,0.763,0.7516,0.1614,0.0691,0.1053,0.058,0.0647,0.0623,0.0844,0.089,concatenated
acsfoodstamps,tabtransformer,0.3,0.8129,0.8184,0.1131,0.0484,0.0696,0.0384,0.0468,0.045,0.0609,0.0643,concatenated
acsfoodstamps,vrex,0.3,0.8518,0.8671,0.0898,0.0269,0.0343,0.0236,0.0333,0.0203,0.0351,0.0514,concatenated
acsfoodstamps,group_dro,0.3,0.8264,0.8306,0.1078,0.023,0.0405,0.0179,0.0379,0.0436,0.0388,0.0333,concatenated
acsfoodstamps,ft_transformer,0.3,0.8372,0.8419,0.029,0.0175,0.0259,0.0274,0.0192,0.018,0.0191,0.0207,concatenated
acsfoodstamps,dro,0.3,0.8637,0.8802,0.1336,0.04,0.0507,0.0347,0.0489,0.0246,0.0515,0.0806,concatenated
acsfoodstamps,dann,0.3,0.8266,0.8307,0.0662,0.0223,0.0351,0.0205,0.0352,0.0302,0.0224,0.0484,concatenated
acsfoodstamps,catboost,0.3,0.7969,0.7801,0.1933,0.0816,0.1425,0.0378,0.0513,0.0689,0.0927,0.095,concatenated
acsfoodstamps,FairRS (equalized_odds),0.3,0.8323,0.8491,0.028,0.0244,0.028,0.0244,0.0962,0.0388,0.0962,0.0388,concatenated
acsfoodstamps,FairRS (demographic_parity),0.3,0.8323,0.8491,0.028,0.0244,0.028,0.0244,0.0962,0.0388,0.0962,0.0388,concatenated
acsfoodstamps,FairEG (equalized_odds),0.3,0.8319,0.5817,0.0059,0.0145,0.0059,0.0145,0.0037,0.0085,0.0037,0.0085,concatenated
acsfoodstamps,FairEG (demographic_parity),0.3,0.8317,0.5803,0.0032,0.0143,0.0032,0.0143,0.0148,0.012,0.0148,0.012,concatenated
acsfoodstamps,FairGS (equalized_odds),0.3,0.8322,0.8492,0.0278,0.0242,0.0278,0.0242,0.1015,0.0392,0.1015,0.0392,concatenated
acsfoodstamps,FairGS (demographic_parity),0.3,0.8322,0.8492,0.0278,0.0242,0.0278,0.0242,0.1015,0.0392,0.1015,0.0392,concatenated
acsincome,catboost,0.3,0.8249,0.8077,0.1831,0.0773,0.1348,0.0358,0.0485,0.0652,0.0878,0.0899,concatenated
acsincome,dann,0.3,0.8585,0.8637,0.0543,0.0183,0.0288,0.0168,0.0289,0.0248,0.0184,0.0398,concatenated
acsincome,dro,0.3,0.8944,0.9124,0.0882,0.0264,0.0334,0.0229,0.0323,0.0163,0.034,0.0533,concatenated
acsincome,ft_transformer,0.3,0.8711,0.8758,0.0275,0.0166,0.0246,0.0261,0.0182,0.0171,0.0182,0.0197,concatenated
acsincome,group_dro,0.3,0.8583,0.8636,0.0899,0.0192,0.0338,0.0149,0.0316,0.0363,0.0323,0.0277,concatenated
acsincome,lightgbm,0.3,0.8023,0.7844,0.2354,0.1121,0.1725,0.0734,0.0707,0.0883,0.1168,0.1163,concatenated
acsincome,mixup,0.3,0.8563,0.8622,0.087,0.0418,0.0536,0.0371,0.0375,0.0337,0.0492,0.0465,concatenated
acsincome,mlp,0.3,0.8469,0.854,0.1041,0.0421,0.0641,0.0353,0.0406,0.0391,0.0531,0.0559,concatenated
acsincome,node,0.3,0.8281,0.8212,0.0931,0.0399,0.0569,0.0309,0.0375,0.0361,0.0489,0.0516,concatenated
acsincome,resnet,0.3,0.7928,0.7803,0.1205,0.0515,0.0786,0.0432,0.0483,0.0464,0.0629,0.0664,concatenated
acsincome,tabtransformer,0.3,0.8449,0.8505,0.0843,0.0361,0.052,0.0287,0.035,0.0336,0.0455,0.048,concatenated
acsincome,vrex,0.3,0.8999,0.9165,0.0593,0.0178,0.0227,0.0156,0.022,0.0134,0.0231,0.034,concatenated
acsincome,FairRS (equalized_odds),0.3,0.8044,0.89,0.1449,0.1095,0.1449,0.1095,1.0,1.0,0.1395,0.033,concatenated
acsincome,FairRS (demographic_parity),0.3,0.8044,0.89,0.1449,0.1095,0.1449,0.1095,1.0,1.0,0.1395,0.033,concatenated
acsincome,FairEG (equalized_odds),0.3,0.8039,0.7252,0.0208,0.0553,0.0109,0.0553,0.75,0.5,0.0021,0.0286,concatenated
acsincome,FairEG (demographic_parity),0.3,0.8014,0.7201,0.0799,0.0147,0.0799,0.0147,0.7512,0.5,0.0812,0.0005,concatenated
acsincome,FairGS (equalized_odds),0.3,0.8044,0.8898,0.1379,0.1069,0.1379,0.1069,1.0,1.0,0.1749,0.0117,concatenated
acsincome,FairGS (demographic_parity),0.3,0.7952,0.8836,0.2234,0.0584,0.2234,0.0584,1.0,1.0,0.0,0.0386,concatenated
acspubcov,catboost,0.3,0.8555,0.8376,0.2012,0.0849,0.1481,0.0393,0.0533,0.0717,0.0965,0.0988,concatenated
acspubcov,dann,0.3,0.8897,0.8946,0.0598,0.0201,0.0317,0.0185,0.0318,0.0273,0.0203,0.0438,concatenated
acspubcov,dro,0.3,0.9247,0.9429,0.097,0.029,0.0368,0.0252,0.0355,0.0179,0.0374,0.0586,concatenated
acspubcov,ft_transformer,0.3,0.9026,0.9071,0.0302,0.0183,0.0271,0.0287,0.0201,0.0188,0.02,0.0217,concatenated
acspubcov,group_dro,0.3,0.8896,0.8945,0.0989,0.0211,0.0371,0.0164,0.0347,0.0399,0.0355,0.0305,concatenated
acspubcov,lightgbm,0.3,0.8345,0.8165,0.2588,0.1233,0.1897,0.0807,0.0777,0.0971,0.1284,0.1279,concatenated
acspubcov,mixup,0.3,0.8872,0.8925,0.0958,0.046,0.059,0.0408,0.0412,0.037,0.0542,0.0512,concatenated
acspubcov,mlp,0.3,0.8778,0.8842,0.1147,0.0464,0.0706,0.0389,0.0447,0.043,0.0583,0.0615,concatenated
acspubcov,node,0.3,0.8589,0.852,0.1025,0.0439,0.0626,0.034,0.0413,0.0397,0.0538,0.0567,concatenated
acspubcov,resnet,0.3,0.8222,0.8098,0.1326,0.0567,0.0864,0.0476,0.0531,0.0511,0.0692,0.0731,concatenated
acspubcov,tabtransformer,0.3,0.8761,0.8818,0.0928,0.0397,0.0572,0.0316,0.0385,0.037,0.0501,0.0528,concatenated
acspubcov,vrex,0.3,0.9309,0.9477,0.0653,0.0196,0.025,0.0172,0.0242,0.0148,0.0254,0.0374,concatenated
acspubcov,FairRS (equalized_odds),0.3,0.7839,0.7565,0.483,0.3854,0.483,0.3854,0.2242,0.0833,0.2242,0.0833,concatenated
acspubcov,FairRS (demographic_parity),0.3,0.7839,0.7565,0.483,0.3854,0.483,0.3854,0.2242,0.0833,0.2242,0.0833,concatenated
acspubcov,FairEG (equalized_odds),0.3,0.8,0.5913,0.0595,0.0416,0.0595,0.0416,0.0161,0.0083,0.0161,0.0083,concatenated
acspubcov,FairEG (demographic_parity),0.3,0.8019,0.6291,0.0387,0.0145,0.0387,0.0145,0.1071,0.009,0.1071,0.009,concatenated
acspubcov,FairGS (equalized_odds),0.3,0.7938,0.774,0.1342,0.041,0.1342,0.041,0.2362,0.0934,0.2362,0.0934,concatenated
acspubcov,FairGS (demographic_parity),0.3,0.8008,0.7767,0.0654,0.0003,0.0654,0.0003,0.2362,0.0934,0.2362,0.0934,concatenated
acsunemployment,catboost,0.3,0.8741,0.856,0.2173,0.0917,0.1599,0.0424,0.0576,0.0775,0.1043,0.1068,concatenated
acsunemployment,dann,0.3,0.9107,0.916,0.0647,0.0218,0.0343,0.02,0.0344,0.0296,0.0219,0.0473,concatenated
acsunemployment,dro,0.3,0.9679,0.9109,0.3653,0.0502,0.3367,0.0705,0.1434,0.0329,0.1203,0.1203,concatenated
acsunemployment,ft_transformer,0.3,0.9197,0.9243,0.0327,0.0198,0.0293,0.031,0.0217,0.0204,0.0217,0.0234,concatenated
acsunemployment,group_dro,0.3,0.9105,0.9159,0.1069,0.0228,0.0401,0.0177,0.0375,0.0432,0.0384,0.033,concatenated
acsunemployment,lightgbm,0.3,0.8518,0.8335,0.2794,0.133,0.2047,0.0871,0.084,0.1049,0.1388,0.1382,concatenated
acsunemployment,mixup,0.3,0.9089,0.9148,0.1035,0.0497,0.0638,0.0441,0.0446,0.04,0.0586,0.0553,concatenated
acsunemployment,mlp,0.3,0.8999,0.9073,0.124,0.0502,0.0763,0.042,0.0483,0.0464,0.063,0.0665,concatenated
acsunemployment,node,0.3,0.8813,0.8814,0.1108,0.0475,0.0677,0.0368,0.0447,0.0429,0.0582,0.0614,concatenated
acsunemployment,resnet,0.3,0.9695,0.9152,0.3254,0.0451,0.3005,0.0794,0.102,0.0242,0.0862,0.0944,concatenated
acsunemployment,tabtransformer,0.3,0.8982,0.9061,0.1003,0.043,0.0618,0.0341,0.0416,0.0399,0.0541,0.0571,concatenated
acsunemployment,vrex,0.3,0.0339,0.8079,0.0001,0.0001,0.0,0.0178,0.0,0.0,0.0,0.0117,concatenated
anes,catboost,0.3,0.7195,0.7026,0.1622,0.0684,0.1194,0.0317,0.043,0.0578,0.0778,0.0797,concatenated
anes,dann,0.3,0.7504,0.7548,0.0482,0.0162,0.0255,0.0149,0.0256,0.022,0.0164,0.0353,concatenated
anes,dro,0.3,0.7812,0.7967,0.0723,0.0217,0.0275,0.0188,0.0265,0.0134,0.0279,0.0437,concatenated
anes,ft_transformer,0.3,0.763,0.7667,0.0226,0.0137,0.0202,0.0214,0.0149,0.014,0.0149,0.0161,concatenated
anes,group_dro,0.3,0.7503,0.7548,0.0798,0.017,0.0299,0.0132,0.028,0.0322,0.0287,0.0246,concatenated
anes,lightgbm,0.3,0.6985,0.6831,0.2087,0.0993,0.1529,0.065,0.0626,0.0783,0.1036,0.1031,concatenated
anes,mixup,0.3,0.7489,0.7539,0.072,0.0346,0.0444,0.0307,0.031,0.0279,0.0408,0.0386,concatenated
anes,mlp,0.3,0.7393,0.7456,0.0877,0.0355,0.054,0.0298,0.0342,0.033,0.0448,0.0472,concatenated
anes,node,0.3,0.7243,0.7217,0.0784,0.0336,0.0478,0.026,0.0316,0.0304,0.0412,0.0434,concatenated
anes,resnet,0.3,0.6926,0.6818,0.1014,0.0433,0.066,0.0363,0.0405,0.039,0.0528,0.0558,concatenated
anes,tabtransformer,0.3,0.7377,0.7445,0.0708,0.0304,0.0437,0.0241,0.0294,0.0282,0.0382,0.0403,concatenated
anes,vrex,0.3,0.7863,0.8001,0.0488,0.0146,0.0187,0.0128,0.0181,0.0111,0.019,0.028,concatenated
assistments,vrex,0.3,0.7339,0.7469,0.0455,0.0136,0.0174,0.0119,0.0169,0.0103,0.0177,0.0262,concatenated
assistments,tabtransformer,0.3,0.6888,0.695,0.0661,0.0283,0.0408,0.0225,0.0274,0.0264,0.0357,0.0377,concatenated
assistments,resnet,0.3,0.6466,0.6365,0.0947,0.0405,0.0617,0.034,0.0379,0.0365,0.0494,0.0521,concatenated
assistments,mlp,0.3,0.6903,0.696,0.0819,0.0331,0.0504,0.0278,0.032,0.0308,0.0418,0.0441,concatenated
assistments,catboost,0.3,0.6705,0.6559,0.1517,0.064,0.1116,0.0296,0.0402,0.054,0.0727,0.0744,concatenated
assistments,dann,0.3,0.7008,0.705,0.0451,0.0152,0.0239,0.0139,0.024,0.0206,0.0153,0.0331,concatenated
assistments,dro,0.3,0.7298,0.7442,0.0676,0.0203,0.0257,0.0176,0.0248,0.0125,0.0261,0.0408,concatenated
assistments,ft_transformer,0.3,0.7131,0.7166,0.0211,0.0128,0.0189,0.02,0.014,0.0131,0.0139,0.015,concatenated
assistments,group_dro,0.3,0.7007,0.705,0.0745,0.0159,0.028,0.0124,0.0262,0.0301,0.0268,0.023,concatenated
assistments,lightgbm,0.3,0.6521,0.6379,0.1951,0.0929,0.1429,0.0608,0.0585,0.0732,0.0969,0.0964,concatenated
assistments,mixup,0.3,0.6994,0.704,0.0673,0.0323,0.0414,0.0286,0.029,0.026,0.0381,0.036,concatenated
assistments,node,0.3,0.6765,0.6742,0.0732,0.0314,0.0447,0.0243,0.0295,0.0284,0.0385,0.0406,concatenated
brfss_blood_pressure,catboost,0.3,0.8074,0.7895,0.1872,0.079,0.1378,0.0366,0.0496,0.0667,0.0898,0.092,concatenated
brfss_blood_pressure,dann,0.3,0.8418,0.8467,0.059,0.0199,0.0313,0.0183,0.0314,0.027,0.0201,0.0433,concatenated
brfss_blood_pressure,dro,0.3,0.8754,0.8921,0.0942,0.0282,0.0357,0.0245,0.0346,0.0174,0.0364,0.0571,concatenated
brfss_blood_pressure,ft_transformer,0.3,0.8541,0.8579,0.0295,0.0178,0.0264,0.028,0.0196,0.0184,0.0196,0.0212,concatenated
brfss_blood_pressure,group_dro,0.3,0.8417,0.8467,0.0962,0.0206,0.0362,0.016,0.034,0.0391,0.0348,0.0299,concatenated
brfss_blood_pressure,lightgbm,0.3,0.7798,0.7622,0.252,0.12,0.1846,0.0785,0.0756,0.0945,0.1251,0.1246,concatenated
brfss_blood_pressure,mixup,0.3,0.8396,0.8453,0.0934,0.0449,0.0576,0.0398,0.0403,0.0362,0.053,0.05,concatenated
brfss_blood_pressure,mlp,0.3,0.8299,0.8365,0.1122,0.0454,0.069,0.038,0.0437,0.042,0.057,0.0602,concatenated
brfss_blood_pressure,node,0.3,0.8109,0.8041,0.1003,0.043,0.0612,0.0333,0.0405,0.0389,0.0528,0.0556,concatenated
brfss_blood_pressure,resnet,0.3,0.7766,0.7645,0.1297,0.0555,0.0845,0.0465,0.0519,0.05,0.0677,0.0715,concatenated
brfss_blood_pressure,tabtransformer,0.3,0.8282,0.8353,0.0901,0.0386,0.0555,0.0306,0.0374,0.0359,0.0487,0.0514,concatenated
brfss_blood_pressure,vrex,0.3,0.88,0.8954,0.0635,0.0191,0.0244,0.0167,0.0235,0.0144,0.0247,0.0364,concatenated
brfss_diabetes,catboost,0.3,0.7785,0.7612,0.1808,0.0763,0.1331,0.0353,0.0479,0.0644,0.0866,0.0887,concatenated
brfss_diabetes,dann,0.3,0.8116,0.8164,0.057,0.0192,0.0302,0.0176,0.0303,0.026,0.0194,0.0418,concatenated
brfss_diabetes,dro,0.3,0.8447,0.8609,0.0909,0.0272,0.0345,0.0236,0.0334,0.0168,0.0352,0.0551,concatenated
brfss_diabetes,ft_transformer,0.3,0.8239,0.8276,0.0285,0.0172,0.0255,0.027,0.0189,0.0177,0.0189,0.0204,concatenated
brfss_diabetes,group_dro,0.3,0.8114,0.8164,0.0928,0.0198,0.0349,0.0154,0.0327,0.0376,0.0335,0.0288,concatenated
brfss_diabetes,lightgbm,0.3,0.7558,0.7387,0.2431,0.1157,0.178,0.0758,0.073,0.0912,0.1208,0.1203,concatenated
brfss_diabetes,mixup,0.3,0.8093,0.8149,0.0901,0.0433,0.0555,0.0384,0.0388,0.0348,0.051,0.0482,concatenated
brfss_diabetes,mlp,0.3,0.8,0.8067,0.1082,0.0438,0.0666,0.0366,0.0421,0.0405,0.055,0.058,concatenated
brfss_diabetes,node,0.3,0.7816,0.7753,0.0967,0.0414,0.059,0.0321,0.039,0.0375,0.0509,0.0537,concatenated
brfss_diabetes,resnet,0.3,0.7493,0.7376,0.1252,0.0535,0.0815,0.0449,0.0501,0.0482,0.0653,0.0689,concatenated
brfss_diabetes,tabtransformer,0.3,0.7985,0.8056,0.0868,0.0372,0.0536,0.0296,0.0361,0.0347,0.047,0.0496,concatenated
brfss_diabetes,vrex,0.3,0.849,0.8642,0.0612,0.0184,0.0235,0.0161,0.0227,0.0139,0.0238,0.0351,concatenated
brfss_diabetes,FairGS (demographic_parity),0.3,0.855,0.7809,0.537,0.3059,0.537,0.3059,0.1769,0.1063,0.1769,0.1063,concatenated
brfss_diabetes,FairGS (equalized_odds),0.3,0.855,0.7809,0.537,0.3059,0.537,0.3059,0.1769,0.1063,0.1769,0.1063,concatenated
brfss_diabetes,FairEG (demographic_parity),0.3,0.8587,0.5812,0.0188,0.0143,0.0188,0.0143,0.0162,0.0161,0.0162,0.0161,concatenated
brfss_diabetes,FairRS (demographic_parity),0.3,0.8545,0.7808,0.5301,0.3034,0.5301,0.3034,0.1617,0.1004,0.1617,0.1004,concatenated
brfss_diabetes,FairRS (equalized_odds),0.3,0.8545,0.7808,0.5301,0.3034,0.5301,0.3034,0.1617,0.1004,0.1617,0.1004,concatenated
brfss_diabetes,FairEG (equalized_odds),0.3,0.8673,0.5705,0.03,0.0306,0.03,0.0306,0.0426,0.022,0.0426,0.022,concatenated
college_scorecard,vrex,0.3,0.8161,0.8308,0.0588,0.0176,0.0225,0.0155,0.0218,0.0134,0.0229,0.0338,concatenated
college_scorecard,tabtransformer,0.3,0.7677,0.7749,0.0833,0.0357,0.0514,0.0284,0.0346,0.0333,0.0451,0.0476,concatenated
college_scorecard,resnet,0.3,0.7201,0.7088,0.1202,0.0514,0.0783,0.0431,0.0481,0.0463,0.0628,0.0662,concatenated
college_scorecard,node,0.3,0.7518,0.7455,0.0929,0.0398,0.0567,0.0308,0.0375,0.036,0.0488,0.0515,concatenated
college_scorecard,mlp,0.3,0.7691,0.7758,0.104,0.0421,0.064,0.0352,0.0405,0.0389,0.0528,0.0557,concatenated
college_scorecard,mixup,0.3,0.7782,0.7832,0.0865,0.0416,0.0534,0.0369,0.0373,0.0335,0.0491,0.0463,concatenated
college_scorecard,catboost,0.3,0.7484,0.7316,0.1735,0.0733,0.1278,0.0339,0.046,0.0619,0.0832,0.0852,concatenated
college_scorecard,dann,0.3,0.7803,0.7847,0.0547,0.0184,0.029,0.0169,0.029,0.0249,0.0186,0.0401,concatenated
college_scorecard,dro,0.3,0.812,0.8276,0.0872,0.0261,0.0331,0.0226,0.032,0.0161,0.0337,0.0529,concatenated
college_scorecard,ft_transformer,0.3,0.7925,0.7958,0.0273,0.0165,0.0245,0.0259,0.0181,0.017,0.0181,0.0196,concatenated
college_scorecard,group_dro,0.3,0.7802,0.7847,0.0892,0.0191,0.0336,0.0149,0.0315,0.0363,0.0323,0.0277,concatenated
college_scorecard,lightgbm,0.3,0.7267,0.71,0.2334,0.1111,0.171,0.0727,0.0701,0.0876,0.1159,0.1154,concatenated
diabetes_readmission,vrex,0.3,0.6483,0.6609,0.0466,0.014,0.0178,0.0122,0.0173,0.0106,0.0181,0.0267,concatenated
diabetes_readmission,tabtransformer,0.3,0.6077,0.6136,0.066,0.0283,0.0407,0.0225,0.0274,0.0263,0.0357,0.0377,concatenated
diabetes_readmission,resnet,0.3,0.57,0.5614,0.0952,0.0407,0.062,0.0341,0.0381,0.0367,0.0497,0.0525,concatenated
diabetes_readmission,node,0.3,0.5962,0.592,0.0736,0.0315,0.0449,0.0244,0.0297,0.0285,0.0387,0.0408,concatenated
diabetes_readmission,mlp,0.3,0.6091,0.6146,0.0823,0.0333,0.0507,0.0279,0.0321,0.0308,0.0418,0.0441,concatenated
diabetes_readmission,mixup,0.3,0.6166,0.6212,0.0685,0.0329,0.0423,0.0292,0.0296,0.0265,0.0388,0.0367,concatenated
diabetes_readmission,lightgbm,0.3,0.575,0.5623,0.1849,0.088,0.1354,0.0576,0.0555,0.0693,0.0917,0.0914,concatenated
diabetes_readmission,group_dro,0.3,0.6182,0.6224,0.0707,0.0151,0.0266,0.0118,0.025,0.0288,0.0256,0.022,concatenated
diabetes_readmission,ft_transformer,0.3,0.6298,0.6331,0.0216,0.0131,0.0194,0.0205,0.0144,0.0135,0.0144,0.0155,concatenated
diabetes_readmission,dro,0.3,0.6448,0.6577,0.0691,0.0207,0.0262,0.0179,0.0253,0.0128,0.0268,0.0419,concatenated
diabetes_readmission,dann,0.3,0.6183,0.6224,0.0433,0.0146,0.0229,0.0134,0.023,0.0198,0.0147,0.0317,concatenated
diabetes_readmission,catboost,0.3,0.593,0.5795,0.1374,0.058,0.1012,0.0268,0.0364,0.0489,0.0658,0.0674,concatenated
heloc,resnet,0.3,0.6741,0.6633,0.1121,0.0479,0.0729,0.0402,0.0449,0.0432,0.0585,0.0618,concatenated
heloc,node,0.3,0.7037,0.6998,0.0866,0.0371,0.0529,0.0287,0.0349,0.0336,0.0455,0.048,concatenated
heloc,mlp,0.3,0.7196,0.7257,0.0968,0.0392,0.0596,0.0328,0.0377,0.0363,0.0493,0.0519,concatenated
heloc,mixup,0.3,0.7286,0.7334,0.0807,0.0388,0.0498,0.0344,0.0348,0.0313,0.0458,0.0432,concatenated
heloc,lightgbm,0.3,0.6796,0.6641,0.2181,0.1038,0.1598,0.068,0.0655,0.0819,0.1083,0.1078,concatenated
heloc,group_dro,0.3,0.7302,0.7346,0.0831,0.0178,0.0313,0.0138,0.0294,0.0338,0.0301,0.0258,concatenated
heloc,ft_transformer,0.3,0.7423,0.7458,0.0254,0.0154,0.0228,0.0242,0.0169,0.0159,0.0169,0.0183,concatenated
heloc,dro,0.3,0.7602,0.7754,0.0813,0.0244,0.0309,0.0211,0.0298,0.015,0.0315,0.0493,concatenated
heloc,dann,0.3,0.7304,0.7346,0.0508,0.0171,0.0269,0.0157,0.0269,0.0232,0.0172,0.0372,concatenated
heloc,catboost,0.3,0.7004,0.6847,0.162,0.0684,0.1193,0.0317,0.043,0.0578,0.0777,0.0796,concatenated
heloc,tabtransformer,0.3,0.7182,0.7247,0.0775,0.0332,0.0479,0.0264,0.0322,0.031,0.042,0.0443,concatenated
heloc,vrex,0.3,0.7641,0.7781,0.0547,0.0164,0.0209,0.0144,0.0203,0.0124,0.0213,0.0314,concatenated
heloc,FairRS (equalized_odds),0.3,0.6619,0.6228,0.8718,0.8538,0.0,0.8538,1.0,1.0,0.7855,0.5543,concatenated
heloc,FairRS (demographic_parity),0.3,0.6619,0.6228,0.8718,0.8538,0.0,0.8538,1.0,1.0,0.7855,0.5543,concatenated
heloc,FairEG (equalized_odds),0.3,0.7482,0.507,0.0313,0.0152,0.0,0.0152,1.0,1.0,0.1565,0.0253,concatenated
heloc,FairEG (demographic_parity),0.3,0.6439,0.5295,0.1442,0.0672,0.1442,0.0672,1.0,1.0,0.0024,0.0256,concatenated
heloc,FairGS (equalized_odds),0.3,0.6727,0.5673,0.1445,0.1415,0.0,0.1415,1.0,1.0,0.0,0.4853,concatenated
heloc,FairGS (demographic_parity),0.3,0.6727,0.5847,0.1795,0.1604,0.0,0.1604,1.0,1.0,0.0,0.4853,concatenated
mimic_extract_los_3,catboost,0.3,0.5345,0.5224,0.1239,0.0523,0.0912,0.0242,0.0329,0.0442,0.0594,0.0609,concatenated
mimic_extract_los_3,dann,0.3,0.5577,0.5616,0.039,0.0131,0.0206,0.012,0.0207,0.0178,0.0132,0.0286,concatenated
mimic_extract_los_3,dro,0.3,0.5822,0.5943,0.0623,0.0187,0.0237,0.0162,0.0229,0.0116,0.0242,0.0379,concatenated
mimic_extract_los_3,ft_transformer,0.3,0.5687,0.5717,0.0194,0.0118,0.0174,0.0185,0.0129,0.0121,0.013,0.014,concatenated
mimic_extract_los_3,group_dro,0.3,0.5575,0.5615,0.0637,0.0136,0.024,0.0106,0.0225,0.0259,0.023,0.0198,concatenated
mimic_extract_los_3,lightgbm,0.3,0.5177,0.5067,0.1668,0.0794,0.1222,0.052,0.0501,0.0626,0.0828,0.0825,concatenated
mimic_extract_los_3,mixup,0.3,0.556,0.5603,0.0619,0.0297,0.0382,0.0264,0.0267,0.024,0.0351,0.0331,concatenated
mimic_extract_los_3,mlp,0.3,0.5491,0.5541,0.0744,0.0301,0.0458,0.0252,0.029,0.0279,0.0378,0.0398,concatenated
mimic_extract_los_3,node,0.3,0.5368,0.5319,0.0665,0.0285,0.0406,0.0221,0.0268,0.0258,0.035,0.0369,concatenated
mimic_extract_los_3,resnet,0.3,0.5131,0.5056,0.086,0.0368,0.056,0.0308,0.0344,0.0331,0.0449,0.0474,concatenated
mimic_extract_los_3,tabtransformer,0.3,0.5477,0.5532,0.0595,0.0255,0.0367,0.0203,0.0247,0.0237,0.0322,0.034,concatenated
mimic_extract_los_3,vrex,0.3,0.5858,0.597,0.0419,0.0126,0.016,0.011,0.0156,0.0095,0.0163,0.024,concatenated
mimic_extract_mort_hosp,vrex,0.3,0.6596,0.6722,0.0473,0.0142,0.0181,0.0124,0.0175,0.0107,0.0184,0.0271,concatenated
mimic_extract_mort_hosp,tabtransformer,0.3,0.6186,0.6243,0.0672,0.0288,0.0414,0.0229,0.0279,0.0268,0.0363,0.0383,concatenated
mimic_extract_mort_hosp,resnet,0.3,0.5794,0.5704,0.097,0.0414,0.0631,0.0347,0.0388,0.0373,0.0506,0.0534,concatenated
mimic_extract_mort_hosp,node,0.3,0.6059,0.6014,0.075,0.0321,0.0458,0.0249,0.0302,0.029,0.0394,0.0416,concatenated
mimic_extract_mort_hosp,catboost,0.3,0.6026,0.5893,0.1397,0.059,0.1029,0.0273,0.0371,0.0498,0.067,0.0686,concatenated
mimic_extract_mort_hosp,dann,0.3,0.6288,0.6327,0.044,0.0148,0.0233,0.0136,0.0233,0.0201,0.0149,0.0322,concatenated
mimic_extract_mort_hosp,dro,0.3,0.6562,0.6686,0.0703,0.0211,0.0267,0.0182,0.0258,0.013,0.0272,0.0426,concatenated
mimic_extract_mort_hosp,ft_transformer,0.3,0.6402,0.6433,0.022,0.0133,0.0197,0.0209,0.0146,0.0137,0.0146,0.0158,concatenated
mimic_extract_mort_hosp,group_dro,0.3,0.6286,0.6326,0.0718,0.0154,0.027,0.0119,0.0254,0.0292,0.026,0.0223,concatenated
mimic_extract_mort_hosp,lightgbm,0.3,0.5842,0.5711,0.1881,0.0896,0.1379,0.0587,0.0565,0.0706,0.0934,0.093,concatenated
mimic_extract_mort_hosp,mixup,0.3,0.627,0.6318,0.0698,0.0335,0.043,0.0298,0.0301,0.0271,0.0396,0.0374,concatenated
mimic_extract_mort_hosp,mlp,0.3,0.62,0.6252,0.0839,0.034,0.0517,0.0284,0.0327,0.0314,0.0426,0.0449,concatenated
nhanes_lead,FairRS(equalized_odds),0.3,0.966,0.7168,0.0,0.0,0.0,0.0,0.0,0.0,0.0,0.0,concatenated
nhanes_lead,FairRS (demographic_parity),0.3,0.966,0.7168,0.0,0.0,0.0,0.0,0.0,0.0,0.0,0.0,concatenated
nhanes_lead,FairEG (equalized_odds),0.3,0.966,0.5,0.0,0.0,0.0,0.0,0.0,0.0,0.0,0.0,concatenated
nhanes_lead,FairEG (demographic_parity),0.3,0.966,0.5,0.0,0.0,0.0,0.0,0.0,0.0,0.0,0.0,concatenated
nhanes_lead,FairGS (equalized_odds),0.3,0.966,0.7192,0.0,0.0,0.0,0.0,0.0,0.0,0.0,0.0,concatenated
nhanes_lead,FairGS (demographic_parity),0.3,0.966,0.7192,0.0,0.0,0.0,0.0,0.0,0.0,0.0,0.0,concatenated
nhanes_lead,catboost,0.3,0.73,0.7136,0.1691,0.0714,0.1245,0.033,0.0449,0.0603,0.0811,0.0831,concatenated
nhanes_lead,dann,0.3,0.7596,0.7637,0.0533,0.0179,0.0283,0.0165,0.0283,0.0243,0.0181,0.0391,concatenated
nhanes_lead,dro,0.3,0.7906,0.8058,0.0851,0.0255,0.0323,0.0221,0.0312,0.0157,0.0329,0.0516,concatenated
nhanes_lead,ft_transformer,0.3,0.7719,0.7751,0.0266,0.0161,0.0238,0.0252,0.0176,0.0166,0.0177,0.0191,concatenated
nhanes_lead,group_dro,0.3,0.7595,0.7637,0.0869,0.0186,0.0327,0.0145,0.0307,0.0354,0.0315,0.027,concatenated
nhanes_lead,lightgbm,0.3,0.7085,0.6925,0.2274,0.1083,0.1667,0.0709,0.0683,0.0854,0.113,0.1125,concatenated
nhanes_lead,mixup,0.3,0.7575,0.7624,0.0844,0.0405,0.052,0.0359,0.0364,0.0327,0.0479,0.0452,concatenated
nhanes_lead,mlp,0.3,0.7485,0.7552,0.1014,0.041,0.0624,0.0344,0.0395,0.038,0.0516,0.0543,concatenated
nhanes_lead,node,0.3,0.7331,0.727,0.0906,0.0388,0.0553,0.0301,0.0366,0.0352,0.0477,0.0503,concatenated
nhanes_lead,tabtransformer,0.3,0.747,0.7541,0.0812,0.0348,0.0501,0.0277,0.0338,0.0324,0.044,0.0464,concatenated
nhanes_lead,vrex,0.3,0.7943,0.8082,0.0573,0.0172,0.0219,0.0151,0.0212,0.013,0.0223,0.0329,concatenated
nhanes_lead,resnet,0.3,0.7016,0.6904,0.1173,0.0501,0.0764,0.0421,0.0469,0.0452,0.0612,0.0646,concatenated
physionet,resnet,0.3,0.6356,0.625,0.1063,0.0454,0.0692,0.0381,0.0425,0.0409,0.0555,0.0586,concatenated
physionet,FairRS (equalized_odds),0.3,0.988,0.6121,0.0001,0.0001,0.0,0.0,0.0002,0.0002,0.0,0.0001,concatenated
physionet,FairRS (demographic_parity),0.3,0.988,0.6121,0.0001,0.0001,0.0,0.0,0.0002,0.0002,0.0,0.0001,concatenated
physionet,FairEG (equalized_odds),0.3,0.988,0.5,0.0001,0.0001,0.0,0.0,0.0027,0.0002,0.0,0.0002,concatenated
physionet,FairEG (demographic_parity),0.3,0.988,0.5,0.0001,0.0001,0.0,0.0,0.0001,0.0001,0.0,0.0,concatenated
physionet,FairGS (equalized_odds),0.3,0.8624,0.5707,0.7985,0.688,0.0,0.1468,0.0018,0.0004,0.0,0.0004,concatenated
physionet,FairGS (demographic_parity),0.3,0.988,0.6113,0.0002,0.0001,0.0,0.0,0.0001,0.0001,0.0,0.0,concatenated
physionet,vrex,0.3,0.7229,0.7365,0.052,0.0156,0.0199,0.0136,0.0193,0.0118,0.0203,0.0299,concatenated
physionet,mlp,0.3,0.68,0.6862,0.0919,0.0372,0.0566,0.0312,0.0358,0.0345,0.0468,0.0493,concatenated
physionet,catboost,0.3,0.6621,0.647,0.1532,0.0647,0.1128,0.0299,0.0406,0.0546,0.0735,0.0753,concatenated
physionet,dann,0.3,0.6905,0.6944,0.0483,0.0163,0.0256,0.0149,0.0256,0.022,0.0164,0.0354,concatenated
physionet,dro,0.3,0.7193,0.7338,0.0771,0.0231,0.0293,0.02,0.0283,0.0143,0.0299,0.0468,concatenated
physionet,ft_transformer,0.3,0.7024,0.7056,0.0242,0.0146,0.0217,0.0229,0.0161,0.0151,0.0161,0.0174,concatenated
physionet,group_dro,0.3,0.6904,0.6944,0.0789,0.0169,0.0297,0.0131,0.0279,0.0321,0.0286,0.0246,concatenated
physionet,lightgbm,0.3,0.6411,0.6264,0.2062,0.0982,0.1512,0.0643,0.0619,0.0774,0.1024,0.102,concatenated
physionet,node,0.3,0.6654,0.6597,0.0822,0.0352,0.0502,0.0273,0.0332,0.0319,0.0433,0.0456,concatenated
physionet,tabtransformer,0.3,0.6786,0.6853,0.0736,0.0315,0.0454,0.0251,0.0306,0.0294,0.0399,0.0421,concatenated
physionet,mixup,0.3,0.6889,0.6932,0.0766,0.0368,0.0472,0.0326,0.033,0.0297,0.0434,0.041,concatenated
acsfoodstamps,FairGS (demographic_parity),0.3,0.8435,0.849,0.0737,0.0067,0.0737,0.0067,0.0085,0.0184,0.0079,0.0184,correlated
acsfoodstamps,FairRS (equalized_odds),0.3,0.8438,0.8494,0.0787,0.0062,0.0787,0.0062,0.0124,0.0201,0.0124,0.0201,correlated
acsfoodstamps,FairRS (demographic_parity),0.3,0.8438,0.8494,0.0787,0.0062,0.0787,0.0062,0.0124,0.0201,0.0124,0.0201,correlated
acsfoodstamps,FairEG (equalized_odds),0.3,0.8399,0.6194,0.0244,0.0176,0.0244,0.0176,0.0085,0.0183,0.0068,0.0183,correlated
acsfoodstamps,FairEG (demographic_parity),0.3,0.844,0.6479,0.1054,0.0036,0.1054,0.0036,0.0323,0.0035,0.0323,0.0035,correlated
acsfoodstamps,FairGS (equalized_odds),0.3,0.8435,0.849,0.0737,0.0067,0.0737,0.0067,0.0085,0.0184,0.0079,0.0184,correlated
acsfoodstamps,catboost,0.3,0.8695,0.8284,0.0901,0.1065,0.0474,0.0251,0.1007,0.1208,0.0536,0.0321,correlated
acsfoodstamps,dro,0.3,0.6065,0.5239,0.0722,0.0826,0.0395,0.0241,0.0768,0.0902,0.0429,0.0281,correlated
acsfoodstamps,ft_transformer,0.3,0.6026,0.4473,0.0494,0.0584,0.0253,0.017,0.0556,0.065,0.0307,0.0196,correlated
acsfoodstamps,group_dro,0.3,0.8831,0.7999,0.0632,0.0721,0.0346,0.0221,0.0702,0.0825,0.0379,0.0254,correlated
acsfoodstamps,lightgbm,0.3,0.875,0.8556,0.1365,0.158,0.0645,0.0484,0.1453,0.1719,0.0797,0.0502,correlated
acsfoodstamps,mlp,0.3,0.8151,0.7813,0.0636,0.0737,0.034,0.0225,0.0705,0.0824,0.0383,0.0254,correlated
acsfoodstamps,mixup,0.3,0.846,0.791,0.077,0.089,0.0419,0.0273,0.0832,0.0982,0.0445,0.0303,correlated
acsfoodstamps,resnet,0.3,0.8684,0.8055,0.0338,0.0391,0.0191,0.012,0.0374,0.0437,0.0197,0.0135,correlated
acsfoodstamps,tabtransformer,0.3,0.7808,0.7431,0.0415,0.0488,0.0232,0.0149,0.046,0.0541,0.0244,0.0168,correlated
acsfoodstamps,vrex,0.3,0.7043,0.6398,0.079,0.0895,0.0438,0.0275,0.0854,0.0987,0.0463,0.0306,correlated
acsfoodstamps,dann,0.3,0.9044,0.8614,0.0592,0.0696,0.0291,0.0197,0.0672,0.0786,0.0336,0.0227,correlated
acsincome,FairRS (equalized_odds),0.3,0.8237,0.8944,0.1921,0.1536,0.1921,0.1536,1.0,1.0,0.028,0.1588,correlated
acsincome,FairRS (demographic_parity),0.3,0.8237,0.8944,0.1921,0.1536,0.1921,0.1536,1.0,1.0,0.028,0.1588,correlated
acsincome,FairEG (equalized_odds),0.3,0.8241,0.7816,0.0343,0.0751,0.0343,0.0751,0.75,0.4,0.0095,0.0783,correlated
acsincome,FairEG (demographic_parity),0.3,0.8223,0.7781,0.0656,0.0152,0.0656,0.0152,1.0,0.6,0.0655,0.0105,correlated
acsincome,FairGS (equalized_odds),0.3,0.8226,0.8937,0.0173,0.0601,0.0059,0.0601,1.0,1.0,0.046,0.1027,correlated
acsincome,FairGS (demographic_parity),0.3,0.8223,0.8926,0.062,0.0167,0.062,0.0167,1.0,1.0,0.0,0.0449,correlated
acsincome,vrex,0.3,0.7177,0.6908,0.1693,0.1917,0.2348,0.0563,0.0413,0.2047,0.1343,0.0324,correlated
acsincome,tabtransformer,0.3,0.7938,0.802,0.089,0.1028,0.1235,0.0302,0.0221,0.1098,0.072,0.0174,correlated
acsincome,dann,0.3,0.8941,0.9113,0.1268,0.1015,0.1762,0.0298,0.0219,0.1084,0.0713,0.0171,correlated
acsincome,dro,0.3,0.6953,0.582,0.1549,0.124,0.2152,0.0364,0.0268,0.1328,0.0872,0.021,correlated
acsincome,ft_transformer,0.3,0.6901,0.497,0.1061,0.1252,0.1473,0.0368,0.027,0.1335,0.0876,0.0212,correlated
acsincome,group_dro,0.3,0.9016,0.9187,0.1356,0.1086,0.1882,0.0319,0.0234,0.1158,0.076,0.0183,correlated
acsincome,lightgbm,0.3,0.8663,0.924,0.2926,0.3381,0.4059,0.0994,0.0729,0.361,0.2369,0.0572,correlated
acsincome,mlp,0.3,0.8867,0.8432,0.1365,0.1577,0.1896,0.0463,0.034,0.1683,0.1104,0.0267,correlated
acsincome,mixup,0.3,0.8607,0.8717,0.1651,0.1908,0.2292,0.056,0.0411,0.2037,0.1337,0.0323,correlated
acsincome,resnet,0.3,0.8599,0.8702,0.0726,0.0839,0.1008,0.0246,0.0181,0.0896,0.0588,0.0142,correlated
acsincome,catboost,0.3,0.8298,0.9002,0.193,0.1543,0.2675,0.0495,0.0332,0.1647,0.1084,0.0259,correlated
acspubcov,FairRS (equalized_odds),0.3,0.8063,0.7915,0.0991,0.0854,0.0991,0.0854,0.1633,0.044,0.1633,0.044,correlated
acspubcov,FairRS (demographic_parity),0.3,0.8063,0.7915,0.0991,0.0854,0.0991,0.0854,0.1633,0.044,0.1633,0.044,correlated
acspubcov,FairEG (equalized_odds),0.3,0.8061,0.6174,0.0141,0.034,0.0039,0.034,0.0767,0.0049,0.0767,0.0049,correlated
acspubcov,FairEG (demographic_parity),0.3,0.8054,0.6151,0.0365,0.0143,0.0365,0.0143,0.1066,0.0091,0.1066,0.0091,correlated
acspubcov,FairGS (equalized_odds),0.3,0.8064,0.7915,0.1046,0.0867,0.1046,0.0867,0.1853,0.0554,0.1853,0.0554,correlated
acspubcov,FairGS (demographic_parity),0.3,0.8064,0.7915,0.1046,0.0867,0.1046,0.0867,0.1853,0.0554,0.1853,0.0554,correlated
acspubcov,dro,0.3,0.7359,0.6271,0.0403,0.0499,0.0822,0.0135,0.0067,0.069,0.0361,0.0145,correlated
acspubcov,ft_transformer,0.3,0.7271,0.5287,0.0276,0.0342,0.0564,0.0093,0.0046,0.0473,0.0248,0.0099,correlated
acspubcov,group_dro,0.3,0.9392,0.9732,0.0353,0.0436,0.072,0.0118,0.0059,0.0603,0.0316,0.0127,correlated
acspubcov,lightgbm,0.3,0.9185,0.9801,0.0763,0.0882,0.1201,0.0338,0.0169,0.122,0.0639,0.0257,correlated
acspubcov,mlp,0.3,0.917,0.8952,0.0355,0.0436,0.0595,0.0181,0.009,0.0604,0.0316,0.0127,correlated
acspubcov,mixup,0.3,0.9066,0.9291,0.043,0.0499,0.072,0.0191,0.0095,0.0691,0.0362,0.0145,correlated
acspubcov,resnet,0.3,0.9146,0.9235,0.0189,0.0219,0.0258,0.0084,0.0042,0.0304,0.0159,0.0064,correlated
acspubcov,tabtransformer,0.3,0.8238,0.8513,0.0232,0.0268,0.0315,0.0103,0.0051,0.0371,0.0194,0.0078,correlated
acspubcov,vrex,0.3,0.754,0.7334,0.0445,0.0515,0.0607,0.0197,0.0098,0.0713,0.0373,0.015,correlated
acspubcov,dann,0.3,0.95,0.9635,0.033,0.0409,0.0673,0.0111,0.0055,0.0565,0.0296,0.0119,correlated
acspubcov,catboost,0.3,0.9063,0.9527,0.0503,0.0623,0.1026,0.0169,0.0084,0.086,0.0451,0.0181,correlated
acsunemployment,dro,0.3,0.5897,0.5044,0.0844,0.0704,0.1052,0.0201,0.0235,0.0948,0.0564,0.0241,correlated
acsunemployment,ft_transformer,0.3,0.9724,0.9628,0.1623,0.0209,0.1537,0.0561,0.0053,0.0089,0.0001,0.1005,correlated
acsunemployment,group_dro,0.3,0.7228,0.8009,0.0592,0.0493,0.0739,0.0141,0.0165,0.0664,0.0395,0.0169,correlated
acsunemployment,lightgbm,0.3,0.7145,0.8064,0.1598,0.133,0.1995,0.0379,0.0445,0.1791,0.1065,0.0455,correlated
acsunemployment,mlp,0.3,0.7094,0.7412,0.0594,0.0495,0.0741,0.0178,0.0209,0.0667,0.0397,0.017,correlated
acsunemployment,mixup,0.3,0.6857,0.7628,0.0719,0.0599,0.0898,0.0215,0.0253,0.0807,0.048,0.0205,correlated
acsunemployment,resnet,0.3,0.9722,0.9642,0.1978,0.0266,0.1858,0.0528,0.067,0.0172,0.0564,0.128,correlated
acsunemployment,tabtransformer,0.3,0.6179,0.6828,0.0701,0.0584,0.0875,0.021,0.0247,0.0787,0.0468,0.02,correlated
acsunemployment,vrex,0.3,0.7915,0.9186,0.2692,0.2201,0.0553,0.0324,0.4798,0.4106,0.0625,0.0753,correlated
anes,catboost,0.3,0.7089,0.7689,0.0737,0.0645,0.1085,0.0231,0.0416,0.0843,0.0642,0.0319,correlated
anes,dann,0.3,0.749,0.7783,0.0484,0.0424,0.0712,0.0152,0.0273,0.0554,0.0422,0.021,correlated
anes,dro,0.3,0.5803,0.506,0.0591,0.0517,0.087,0.0186,0.0334,0.0676,0.0515,0.0256,correlated
anes,ft_transformer,0.3,0.5729,0.4281,0.0402,0.0352,0.0592,0.0126,0.0228,0.046,0.0351,0.0174,correlated
anes,group_dro,0.3,0.7407,0.7854,0.0517,0.0452,0.0761,0.0163,0.0293,0.0591,0.045,0.0224,correlated
anes,lightgbm,0.3,0.7186,0.7912,0.1107,0.0967,0.1629,0.0347,0.0625,0.1263,0.0963,0.0478,correlated
anes,mlp,0.3,0.717,0.7331,0.0518,0.0453,0.0763,0.0205,0.0369,0.0592,0.0451,0.0224,correlated
anes,mixup,0.3,0.6977,0.7544,0.0627,0.0548,0.0923,0.0248,0.0447,0.0716,0.0546,0.0271,correlated
anes,resnet,0.3,0.7173,0.7624,0.0277,0.0242,0.0407,0.0109,0.0197,0.0316,0.0241,0.012,correlated
anes,tabtransformer,0.3,0.647,0.6945,0.034,0.0297,0.05,0.0134,0.0242,0.0388,0.0296,0.0147,correlated
anes,vrex,0.3,0.5908,0.5928,0.0638,0.0558,0.0939,0.02,0.0361,0.0729,0.0556,0.0276,correlated
assistments,tabtransformer,0.3,0.7286,0.7876,0.0558,0.054,0.082,0.0244,0.0294,0.0705,0.0537,0.0268,correlated
assistments,vrex,0.3,0.6668,0.6728,0.1047,0.1013,0.154,0.0364,0.0438,0.1322,0.1007,0.0503,correlated
assistments,dann,0.3,0.8463,0.8847,0.079,0.0766,0.1161,0.0275,0.0331,0.0999,0.076,0.038,correlated
assistments,dro,0.3,0.6554,0.5745,0.0965,0.0935,0.1418,0.0336,0.0404,0.1219,0.0928,0.0464,correlated
assistments,ft_transformer,0.3,0.6457,0.4851,0.0659,0.0639,0.0969,0.023,0.0276,0.0833,0.0634,0.0317,correlated
assistments,group_dro,0.3,0.8345,0.8907,0.0846,0.082,0.1244,0.0295,0.0355,0.107,0.0814,0.0407,correlated
assistments,lightgbm,0.3,0.8108,0.8994,0.1816,0.1758,0.2668,0.0632,0.076,0.2294,0.1746,0.0872,correlated
assistments,mlp,0.3,0.8082,0.8312,0.085,0.0823,0.1249,0.0372,0.0447,0.1074,0.0817,0.0408,correlated
assistments,mixup,0.3,0.7857,0.856,0.103,0.0997,0.1512,0.045,0.0541,0.1301,0.099,0.0494,correlated
assistments,resnet,0.3,0.8087,0.8642,0.0454,0.044,0.0668,0.0199,0.0239,0.0574,0.0437,0.0218,correlated
assistments,catboost,0.3,0.8035,0.8736,0.1204,0.1167,0.1768,0.0419,0.0504,0.152,0.1157,0.0578,correlated
brfss_blood_pressure,dro,0.3,0.6306,0.5552,0.0787,0.0592,0.1088,0.023,0.0438,0.0772,0.0588,0.0318,correlated
brfss_blood_pressure,ft_transformer,0.3,0.6214,0.4682,0.0537,0.0403,0.0742,0.0157,0.0299,0.0526,0.0401,0.0217,correlated
brfss_blood_pressure,group_dro,0.3,0.8031,0.8515,0.069,0.0518,0.0953,0.0202,0.0385,0.0676,0.0515,0.0279,correlated
brfss_blood_pressure,lightgbm,0.3,0.783,0.858,0.1481,0.1111,0.2047,0.0433,0.0825,0.145,0.1104,0.0598,correlated
brfss_blood_pressure,mlp,0.3,0.7807,0.8001,0.0693,0.052,0.0958,0.0255,0.0486,0.0679,0.0517,0.028,correlated
brfss_blood_pressure,mixup,0.3,0.7587,0.8248,0.0839,0.063,0.116,0.0309,0.0588,0.0822,0.0626,0.0339,correlated
brfss_blood_pressure,node,0.3,0.4951,0.5074,0.0792,0.0595,0.1095,0.0232,0.0442,0.0776,0.0591,0.032,correlated
brfss_blood_pressure,resnet,0.3,0.7816,0.8314,0.037,0.0278,0.0512,0.0136,0.026,0.0363,0.0276,0.015,correlated
brfss_blood_pressure,dann,0.3,0.8141,0.844,0.0645,0.0485,0.0891,0.0188,0.0359,0.0632,0.0482,0.0261,correlated
brfss_blood_pressure,tabtransformer,0.3,0.7035,0.7598,0.0454,0.0341,0.0628,0.0167,0.0318,0.0445,0.0339,0.0184,correlated
brfss_blood_pressure,vrex,0.3,0.6323,0.6132,0.0852,0.064,0.1178,0.0249,0.0474,0.0835,0.0636,0.0345,correlated
brfss_blood_pressure,catboost,0.3,0.7732,0.8335,0.0982,0.0738,0.1357,0.0287,0.0547,0.0962,0.0733,0.0397,correlated
brfss_diabetes,FairGS (demographic_parity),0.3,0.8632,0.6336,0.2112,0.0491,0.0,0.0491,0.295,0.1236,0.295,0.1236,correlated
brfss_diabetes,FairEG (demographic_parity),0.3,0.8741,0.5293,0.0179,0.0148,0.0179,0.0148,0.0092,0.0143,0.0092,0.0143,correlated
brfss_diabetes,FairRS (demographic_parity),0.3,0.8707,0.8134,0.3797,0.1816,0.3797,0.1816,0.2918,0.1226,0.2918,0.1226,correlated
brfss_diabetes,FairRS (equalized_odds),0.3,0.8707,0.8134,0.3797,0.1816,0.3797,0.1816,0.2918,0.1226,0.2918,0.1226,correlated
brfss_diabetes,FairEG (equalized_odds),0.3,0.8734,0.5497,0.0446,0.0304,0.0446,0.0304,0.0573,0.0319,0.0573,0.0319,correlated
brfss_diabetes,FairGS (equalized_odds),0.3,0.8705,0.813,0.381,0.1833,0.381,0.1833,0.295,0.1236,0.295,0.1236,correlated
brfss_diabetes,catboost,0.3,0.8752,0.9346,0.0528,0.0634,0.1044,0.0211,0.0345,0.0828,0.0631,0.0292,correlated
brfss_diabetes,dann,0.3,0.9201,0.9465,0.0347,0.0416,0.0686,0.0138,0.0226,0.0544,0.0414,0.0192,correlated
brfss_diabetes,dro,0.3,0.7131,0.6162,0.0423,0.0508,0.0838,0.0169,0.0276,0.0664,0.0506,0.0234,correlated
brfss_diabetes,tabtransformer,0.3,0.7968,0.8466,0.0245,0.0294,0.0485,0.0123,0.0201,0.0384,0.0292,0.0135,correlated
brfss_diabetes,resnet,0.3,0.8849,0.9231,0.02,0.024,0.0394,0.01,0.0164,0.0313,0.0238,0.011,correlated
brfss_diabetes,mixup,0.3,0.8593,0.9217,0.045,0.054,0.0893,0.0227,0.0371,0.0705,0.0537,0.0249,correlated
brfss_diabetes,mlp,0.3,0.8843,0.8946,0.0372,0.0446,0.0738,0.0187,0.0306,0.0582,0.0443,0.0205,correlated
brfss_diabetes,lightgbm,0.3,0.8868,0.9618,0.0795,0.0953,0.1572,0.0318,0.052,0.1245,0.0948,0.0439,correlated
brfss_diabetes,group_dro,0.3,0.9081,0.9556,0.037,0.0444,0.0734,0.0148,0.0242,0.058,0.0441,0.0205,correlated
brfss_diabetes,ft_transformer,0.3,0.7023,0.5193,0.029,0.0348,0.0573,0.0116,0.0189,0.0455,0.0346,0.016,correlated
brfss_diabetes,vrex,0.3,0.7158,0.6794,0.0459,0.0551,0.091,0.0184,0.03,0.072,0.0548,0.0254,correlated
college_scorecard,dann,0.3,0.7127,0.7407,0.0746,0.0662,0.1083,0.0244,0.0279,0.0864,0.0659,0.0306,correlated
college_scorecard,dro,0.3,0.5519,0.4867,0.0911,0.0808,0.1322,0.0298,0.034,0.1055,0.0804,0.0374,correlated
college_scorecard,ft_transformer,0.3,0.5442,0.4103,0.0621,0.0551,0.0901,0.0203,0.0232,0.0719,0.0548,0.0254,correlated
college_scorecard,group_dro,0.3,0.7013,0.7469,0.0799,0.0708,0.1158,0.0261,0.0298,0.0924,0.0704,0.0327,correlated
college_scorecard,lightgbm,0.3,0.6843,0.7525,0.1717,0.1521,0.2491,0.0561,0.064,0.1984,0.1512,0.0703,correlated
college_scorecard,mlp,0.3,0.6818,0.7021,0.0803,0.0712,0.1165,0.033,0.0377,0.0929,0.0708,0.0329,correlated
college_scorecard,mixup,0.3,0.663,0.7231,0.0972,0.0861,0.141,0.04,0.0456,0.1123,0.0856,0.0398,correlated
college_scorecard,resnet,0.3,0.6824,0.73,0.043,0.0381,0.0623,0.0177,0.0202,0.0498,0.0379,0.0176,correlated
college_scorecard,tabtransformer,0.3,0.6144,0.6675,0.0527,0.0467,0.0764,0.0217,0.0248,0.061,0.0465,0.0216,correlated
college_scorecard,vrex,0.3,0.5537,0.5379,0.0986,0.0874,0.1431,0.0323,0.0368,0.1141,0.0869,0.0404,correlated
college_scorecard,catboost,0.3,0.6767,0.7314,0.1138,0.1009,0.165,0.0372,0.0424,0.1315,0.1003,0.0466,correlated
diabetes_readmission,vrex,0.3,0.4843,0.4936,0.0602,0.0547,0.0946,0.0176,0.016,0.0714,0.0543,0.0234,correlated
diabetes_readmission,tabtransformer,0.3,0.5249,0.612,0.0323,0.0293,0.0507,0.0119,0.0108,0.0382,0.0291,0.0126,correlated
diabetes_readmission,resnet,0.3,0.5826,0.6698,0.0263,0.0239,0.0413,0.0097,0.0088,0.0312,0.0237,0.0102,correlated
diabetes_readmission,mixup,0.3,0.5665,0.6628,0.0594,0.0539,0.0933,0.0219,0.02,0.0704,0.0536,0.0231,correlated
diabetes_readmission,dro,0.3,0.5838,0.5293,0.0696,0.0632,0.1091,0.0203,0.0185,0.0825,0.0627,0.0271,correlated
diabetes_readmission,ft_transformer,0.3,0.5756,0.4468,0.0477,0.0433,0.0749,0.0139,0.0127,0.0566,0.043,0.0186,correlated
diabetes_readmission,group_dro,0.3,0.5946,0.6847,0.0488,0.0443,0.0766,0.0143,0.013,0.0578,0.044,0.019,correlated
diabetes_readmission,lightgbm,0.3,0.5835,0.6894,0.1049,0.0951,0.1647,0.0306,0.0279,0.1242,0.0945,0.0408,correlated
diabetes_readmission,mlp,0.3,0.5821,0.6431,0.0491,0.0445,0.0771,0.0181,0.0165,0.0581,0.0442,0.0191,correlated
diabetes_readmission,node,0.3,0.4541,0.4653,0.0559,0.0508,0.0878,0.0163,0.0149,0.0663,0.0505,0.0218,correlated
heloc,FairRS (equalized_odds),0.3,0.7446,0.6954,0.9769,0.9528,0.0,0.9528,1.0,1.0,0.7927,0.4363,correlated
heloc,FairRS (demographic_parity),0.3,0.7446,0.6954,0.9769,0.9528,0.0,0.9528,1.0,1.0,0.7927,0.4363,correlated
heloc,FairEG (equalized_odds),0.3,0.7482,0.507,0.0256,0.0047,0.0,0.0047,1.0,1.0,0.1911,0.0234,correlated
heloc,FairEG (demographic_parity),0.3,0.7158,0.5408,0.125,0.0979,0.008,0.0979,1.0,1.0,0.0065,0.0338,correlated
heloc,FairGS (equalized_odds),0.3,0.723,0.6843,0.0513,0.0472,0.0,0.0472,1.0,1.0,0.0,0.4853,correlated
heloc,FairGS (demographic_parity),0.3,0.7122,0.4078,0.2821,0.1462,0.0,0.1462,1.0,1.0,0.0,0.4853,correlated
heloc,catboost,0.3,0.7118,0.7112,0.3229,0.2749,0.4746,0.0987,0.1625,0.3589,0.273,0.1189,correlated
heloc,dann,0.3,0.7502,0.7198,0.2121,0.1805,0.3115,0.0648,0.1068,0.2358,0.1793,0.0781,correlated
heloc,dro,0.3,0.5813,0.4734,0.259,0.2205,0.3806,0.0792,0.1304,0.2881,0.2191,0.0954,correlated
heloc,ft_transformer,0.3,0.5726,0.399,0.1759,0.1497,0.2585,0.0538,0.0886,0.1954,0.1486,0.0647,correlated
heloc,group_dro,0.3,0.7378,0.7302,0.2267,0.1929,0.333,0.0693,0.1142,0.2519,0.1916,0.0834,correlated
heloc,lightgbm,0.3,0.7192,0.7318,0.487,0.4143,0.7157,0.1488,0.2451,0.5411,0.4117,0.1793,correlated
heloc,mlp,0.3,0.7165,0.6864,0.2278,0.1938,0.3347,0.0877,0.1444,0.253,0.1925,0.0838,correlated
heloc,mixup,0.3,0.6961,0.7074,0.2759,0.2347,0.4056,0.1062,0.1748,0.3065,0.2331,0.1016,correlated
heloc,resnet,0.3,0.7171,0.7153,0.1217,0.1035,0.1788,0.0372,0.0613,0.1353,0.1029,0.0448,correlated
heloc,tabtransformer,0.3,0.6456,0.6565,0.1493,0.127,0.2195,0.0457,0.0752,0.1659,0.1262,0.055,correlated
heloc,vrex,0.3,0.5834,0.5236,0.2801,0.2384,0.4119,0.0857,0.1411,0.3114,0.2367,0.1032,correlated
mimic_extract_los_3,ft_transformer,0.3,0.4022,0.2845,0.0274,0.0301,0.0458,0.0096,0.0144,0.0393,0.0299,0.013,correlated
mimic_extract_los_3,catboost,0.3,0.5,0.5072,0.0503,0.0553,0.0841,0.0176,0.0265,0.0723,0.055,0.0239,correlated
mimic_extract_los_3,dann,0.3,0.5266,0.5133,0.033,0.0363,0.0552,0.0115,0.0174,0.0475,0.0361,0.0157,correlated
mimic_extract_los_3,dro,0.3,0.4078,0.3374,0.0403,0.0443,0.0675,0.0141,0.0212,0.0579,0.0441,0.0192,correlated
mimic_extract_los_3,group_dro,0.3,0.5147,0.5165,0.0353,0.0388,0.059,0.0123,0.0186,0.0507,0.0386,0.0168,correlated
mimic_extract_los_3,lightgbm,0.3,0.5066,0.5224,0.0759,0.0834,0.1267,0.0265,0.04,0.1089,0.0829,0.0361,correlated
mimic_extract_los_3,mixup,0.3,0.4909,0.5038,0.0429,0.0472,0.0716,0.0189,0.0284,0.0616,0.0469,0.0204,correlated
mimic_extract_los_3,resnet,0.3,0.5056,0.4956,0.0191,0.021,0.0317,0.0083,0.0125,0.0274,0.0209,0.0091,correlated
mimic_extract_los_3,tabtransformer,0.3,0.455,0.4551,0.0234,0.0257,0.039,0.0103,0.0155,0.0336,0.0256,0.0111,correlated
mimic_extract_los_3,vrex,0.3,0.4093,0.3724,0.0435,0.0479,0.0726,0.0152,0.0229,0.0626,0.0476,0.0207,correlated
mimic_extract_los_3,mlp,0.3,0.5051,0.4888,0.0354,0.039,0.0591,0.0156,0.0235,0.0509,0.0387,0.0169,correlated
mimic_extract_mort_hosp,catboost,0.3,0.9251,0.9733,0.0133,0.0089,0.0201,0.003,0.0139,0.0116,0.0089,0.0061,correlated
mimic_extract_mort_hosp,dann,0.3,0.972,0.9849,0.0087,0.0058,0.0132,0.002,0.0091,0.0076,0.0058,0.004,correlated
mimic_extract_mort_hosp,dro,0.3,0.7534,0.6426,0.0106,0.0071,0.0161,0.0024,0.0111,0.0093,0.0071,0.0049,correlated
mimic_extract_mort_hosp,ft_transformer,0.3,0.7427,0.5415,0.0072,0.0048,0.011,0.0016,0.0076,0.0063,0.0048,0.0033,correlated
mimic_extract_mort_hosp,lightgbm,0.3,0.9356,0.9944,0.0201,0.0135,0.0305,0.0046,0.021,0.0176,0.0134,0.0092,correlated
mimic_extract_mort_hosp,mlp,0.3,0.9334,0.9293,0.0094,0.0063,0.0143,0.0028,0.0124,0.0082,0.0063,0.0043,correlated
mimic_extract_mort_hosp,mixup,0.3,0.907,0.9575,0.0114,0.0076,0.0173,0.0033,0.015,0.01,0.0076,0.0052,correlated
mimic_extract_mort_hosp,resnet,0.3,0.934,0.9423,0.005,0.0034,0.0076,0.0015,0.0066,0.0044,0.0034,0.0023,correlated
mimic_extract_mort_hosp,tabtransformer,0.3,0.8407,0.8651,0.0062,0.0041,0.0094,0.0018,0.0081,0.0054,0.0041,0.0028,correlated
mimic_extract_mort_hosp,vrex,0.3,0.7557,0.7093,0.0116,0.0078,0.0176,0.0027,0.0121,0.0102,0.0078,0.0053,correlated
mimic_extract_mort_hosp,group_dro,0.3,0.9548,0.9913,0.0094,0.0063,0.0142,0.0022,0.0098,0.0082,0.0062,0.0043,correlated
nhanes_lead,FairRS (demographic_parity),0.3,0.9616,0.6697,0.0232,0.0227,0.0,0.0227,0.0232,0.0227,0.0,0.0227,correlated
nhanes_lead,FairRS (equalized_odds),0.3,0.9616,0.6697,0.0232,0.0227,0.0,0.0227,0.0232,0.0227,0.0,0.0227,correlated
nhanes_lead,FairEG (equalized_odds),0.3,0.9616,0.4978,0.0232,0.0227,0.0,0.0227,0.0232,0.0227,0.0,0.0227,correlated
nhanes_lead,FairEG (demographic_parity),0.3,0.9616,0.4978,0.0232,0.0227,0.0,0.0227,0.0232,0.0227,0.0,0.0227,correlated
nhanes_lead,FairGS (equalized_odds),0.3,0.966,0.7236,0.0,0.0,0.0,0.0,0.0,0.0,0.0,0.0,correlated
nhanes_lead,FairGS (demographic_parity),0.3,0.966,0.7602,0.0,0.0,0.0,0.0,0.0,0.0,0.0,0.0,correlated
nhanes_lead,lightgbm,0.3,0.8301,0.7005,0.0003,0.0003,0.0005,0.0001,0.0002,0.0003,0.0002,0.0001,correlated
nhanes_lead,mlp,0.3,0.8283,0.6564,0.0001,0.0001,0.0002,0.0001,0.0001,0.0001,0.0001,0.0,correlated
nhanes_lead,mixup,0.3,0.8052,0.6766,0.0002,0.0001,0.0002,0.0001,0.0001,0.0001,0.0001,0.0001,correlated
nhanes_lead,resnet,0.3,0.829,0.6839,0.0001,0.0001,0.0001,0.0,0.0001,0.0001,0.0,0.0,correlated
nhanes_lead,tabtransformer,0.3,0.7459,0.6275,0.0001,0.0001,0.0001,0.0001,0.0001,0.0001,0.0001,0.0,correlated
nhanes_lead,vrex,0.3,0.6722,0.4996,0.0002,0.0001,0.0002,0.0001,0.0001,0.0001,0.0001,0.0001,correlated
nhanes_lead,group_dro,0.3,0.8488,0.697,0.0001,0.0001,0.0002,0.0,0.0001,0.0001,0.0001,0.0,correlated
nhanes_lead,ft_transformer,0.3,0.6603,0.3817,0.0001,0.0001,0.0002,0.0,0.0001,0.0001,0.0001,0.0,correlated
nhanes_lead,dro,0.3,0.67,0.4532,0.0002,0.0001,0.0003,0.0,0.0002,0.0001,0.0001,0.0001,correlated
nhanes_lead,dann,0.3,0.8643,0.6895,0.0001,0.0001,0.0002,0.0,0.0001,0.0001,0.0001,0.0001,correlated
nhanes_lead,catboost,0.3,0.8206,0.6809,0.0002,0.0001,0.0003,0.0001,0.0002,0.0001,0.0001,0.0001,correlated
physionet,FairRS (equalized_odds),0.3,0.988,0.7004,0.0049,0.0003,0.0,0.0003,0.0001,0.0001,0.0,0.0001,correlated
physionet,FairRS (demographic_parity),0.3,0.988,0.7004,0.0049,0.0003,0.0,0.0003,0.0001,0.0001,0.0,0.0001,correlated
physionet,FairEG (equalized_odds),0.3,0.9879,0.5011,0.0203,0.0016,0.0196,0.0016,0.0018,0.0002,0.0,0.0002,correlated
physionet,FairEG (demographic_parity),0.3,0.9881,0.5009,0.0039,0.0001,0.0,0.0,0.0052,0.0001,0.0009,0.0,correlated
physionet,FairGS (equalized_odds),0.3,0.8891,0.4932,0.9851,0.9851,0.0,0.9851,0.1532,0.153,0.0,0.153,correlated
physionet,FairGS (demographic_parity),0.3,0.988,0.6997,0.0032,0.0001,0.0,0.0001,0.0052,0.0001,0.0009,0.0,correlated
physionet,tabtransformer,0.3,0.7672,0.8352,0.0205,0.0203,0.0335,0.0093,0.0092,0.0266,0.0202,0.0089,correlated
physionet,vrex,0.3,0.6905,0.6661,0.0386,0.0383,0.0628,0.0138,0.0136,0.0501,0.0381,0.0167,correlated
physionet,catboost,0.3,0.8439,0.9064,0.0444,0.0441,0.0721,0.016,0.0157,0.0576,0.0438,0.0192,correlated
physionet,dann,0.3,0.8886,0.9178,0.0292,0.0289,0.0473,0.0105,0.0103,0.0378,0.0287,0.0126,correlated
physionet,dro,0.3,0.6882,0.6029,0.0356,0.0353,0.0578,0.0128,0.0126,0.0461,0.0351,0.0154,correlated
physionet,ft_transformer,0.3,0.6779,0.5085,0.0243,0.0241,0.0394,0.0087,0.0086,0.0315,0.024,0.0105,correlated
physionet,group_dro,0.3,0.8736,0.9279,0.0312,0.0309,0.0508,0.0112,0.011,0.0404,0.0307,0.0135,correlated
physionet,lightgbm,0.3,0.8537,0.934,0.067,0.0665,0.1089,0.0241,0.0237,0.0869,0.0661,0.029,correlated
physionet,mlp,0.3,0.8514,0.8766,0.0314,0.0311,0.0512,0.0142,0.014,0.0407,0.0309,0.0136,correlated
physionet,mixup,0.3,0.8282,0.9037,0.038,0.0377,0.062,0.0172,0.0169,0.0492,0.0375,0.0164,correlated
physionet,resnet,0.3,0.852,0.912,0.0167,0.0166,0.0273,0.0076,0.0075,0.0217,0.0165,0.0072,correlated
acsfoodstamps,FairRS (equalized_odds),0.3,0.7368,0.7158,0.1514,0.0829,0.2052,0.0287,0.1011,0.0551,0.151,0.0758,temporal
acsfoodstamps,FairRS (demographic_parity),0.3,0.7251,0.7048,0.1573,0.0862,0.2127,0.0298,0.1051,0.0573,0.1569,0.0788,temporal
acsfoodstamps,FairGS (equalized_odds),0.3,0.7196,0.7008,0.1467,0.0808,0.1993,0.028,0.0984,0.0537,0.147,0.0738,temporal
acsfoodstamps,FairGS (demographic_parity),0.3,0.7121,0.6937,0.1449,0.0799,0.197,0.0276,0.0972,0.0531,0.1452,0.0729,temporal
acsfoodstamps,FairEG (equalized_odds),0.3,0.7142,0.692,0.1442,0.0794,0.1961,0.0275,0.0966,0.0527,0.1444,0.0725,temporal
acsfoodstamps,FairEG (demographic_parity),0.3,0.7284,0.71,0.1603,0.0883,0.2177,0.0305,0.1074,0.0586,0.1604,0.0806,temporal
acsfoodstamps,mlp,0.3,0.6949,0.6874,0.2716,0.1489,0.3528,0.0548,0.1819,0.1,0.2533,0.1486,temporal
acsfoodstamps,lightgbm,0.3,0.7806,0.7574,0.2584,0.1472,0.3623,0.0481,0.1795,0.1058,0.2702,0.1335,temporal
acsfoodstamps,dro,0.3,0.6707,0.6545,0.1924,0.1485,0.2825,0.0382,0.138,0.0996,0.2104,0.1087,temporal
acsfoodstamps,ft_transformer,0.3,0.6006,0.5775,0.2856,0.1502,0.3789,0.0402,0.1689,0.1037,0.2595,0.1588,temporal
acsfoodstamps,catboost,0.3,0.8158,0.7994,0.2227,0.1312,0.3094,0.0423,0.1544,0.0871,0.2285,0.1173,temporal
acsfoodstamps,tabtransformer,0.3,0.6698,0.6615,0.2548,0.1436,0.35,0.0534,0.1719,0.0954,0.2585,0.1432,temporal
acsfoodstamps,resnet,0.3,0.6916,0.6838,0.2549,0.1438,0.3503,0.0536,0.1724,0.0957,0.2588,0.1435,temporal
acsfoodstamps,mixup,0.3,0.8007,0.7794,0.2531,0.1533,0.3442,0.0519,0.1819,0.1032,0.26,0.1404,temporal
acsfoodstamps,dann,0.3,0.7759,0.7545,0.2509,0.1432,0.339,0.049,0.1792,0.1008,0.2566,0.1361,temporal
acsfoodstamps,vrex,0.3,0.8487,0.8334,0.2689,0.1485,0.3729,0.0522,0.1959,0.1049,0.2899,0.1447,temporal
acsfoodstamps,group_dro,0.3,0.8074,0.7751,0.2539,0.1456,0.3426,0.0508,0.183,0.1034,0.2605,0.1399,temporal
acsincome,FairRS (equalized_odds),0.3,0.7442,0.8038,0.4338,0.2432,0.5484,0.0093,0.0298,0.1024,0.1201,0.0361,temporal
acsincome,FairRS (demographic_parity),0.3,0.733,0.7917,0.4508,0.2527,0.5697,0.0097,0.031,0.1064,0.1248,0.0375,temporal
acsincome,FairGS (equalized_odds),0.3,0.7276,0.7869,0.4225,0.2368,0.5335,0.0091,0.0291,0.0997,0.1169,0.0351,temporal
acsincome,FairGS (demographic_parity),0.3,0.7203,0.78,0.4178,0.2341,0.5276,0.009,0.0288,0.0986,0.1157,0.0347,temporal
acsincome,FairEG (equalized_odds),0.3,0.7221,0.7785,0.4154,0.2326,0.5243,0.0089,0.0286,0.098,0.115,0.0345,temporal
acsincome,FairEG (demographic_parity),0.3,0.7368,0.7981,0.4615,0.2585,0.5825,0.0099,0.0318,0.1089,0.1278,0.0384,temporal
acsincome,vrex,0.3,0.8571,0.935,0.797,0.4345,1.0084,0.0178,0.058,0.1946,0.2318,0.069,temporal
acsincome,dann,0.3,0.7862,0.8478,0.7437,0.4194,0.9208,0.0167,0.0531,0.1871,0.1996,0.0649,temporal
acsincome,mixup,0.3,0.8088,0.8763,0.7516,0.4454,0.9229,0.0177,0.0541,0.1915,0.208,0.0669,temporal
acsincome,group_dro,0.3,0.8165,0.8693,0.752,0.4251,0.9219,0.0173,0.0542,0.1915,0.2081,0.0667,temporal
acsincome,resnet,0.3,0.6974,0.7646,0.7805,0.4204,0.9479,0.0181,0.0503,0.1771,0.2076,0.0685,temporal
acsincome,tabtransformer,0.3,0.6764,0.7339,0.7805,0.4204,0.9479,0.0181,0.0503,0.1771,0.2076,0.0685,temporal
acsincome,mlp,0.3,0.7019,0.7708,0.8067,0.4354,0.9479,0.0187,0.0539,0.1855,0.2026,0.0708,temporal
acsincome,lightgbm,0.3,0.7925,0.8498,0.7659,0.4306,0.9733,0.0164,0.0531,0.1961,0.2157,0.0636,temporal
acsincome,dro,0.3,0.6768,0.7342,0.5721,0.4348,0.7602,0.013,0.0409,0.1844,0.1683,0.0518,temporal
acsincome,ft_transformer,0.3,0.6064,0.6476,0.791,0.4602,0.9967,0.0172,0.0546,0.1926,0.2188,0.0669,temporal
acsincome,catboost,0.3,0.8242,0.8964,0.6592,0.3835,0.8321,0.0144,0.0457,0.1615,0.1826,0.0559,temporal
acspubcov,FairRS (equalized_odds),0.3,0.723,0.6957,0.0058,0.0323,0.0204,0.0446,0.2276,0.1041,0.3027,0.0673,temporal
acspubcov,FairRS (demographic_parity),0.3,0.7121,0.685,0.006,0.0336,0.0212,0.0464,0.2366,0.1082,0.3147,0.07,temporal
acspubcov,FairGS (equalized_odds),0.3,0.7075,0.6811,0.0056,0.0315,0.0199,0.0435,0.2218,0.1014,0.2948,0.0657,temporal
acspubcov,FairGS (demographic_parity),0.3,0.7004,0.6742,0.0055,0.0311,0.0197,0.043,0.2192,0.1002,0.2914,0.0649,temporal
acspubcov,FairEG (equalized_odds),0.3,0.7026,0.6727,0.0055,0.0309,0.0196,0.0427,0.2179,0.0996,0.2897,0.0644,temporal
acspubcov,FairEG (demographic_parity),0.3,0.7169,0.6895,0.0061,0.0344,0.0217,0.0475,0.2424,0.1107,0.3222,0.0716,temporal
acspubcov,dann,0.3,0.7645,0.7318,0.0098,0.0559,0.0338,0.0807,0.404,0.1906,0.5058,0.1208,temporal
acspubcov,vrex,0.3,0.8344,0.8067,0.0105,0.0578,0.0375,0.0859,0.4414,0.198,0.5846,0.1284,temporal
acspubcov,mixup,0.3,0.7877,0.758,0.0099,0.0594,0.0343,0.0854,0.4121,0.195,0.5242,0.1246,temporal
acspubcov,group_dro,0.3,0.7956,0.7505,0.0099,0.0567,0.0342,0.0836,0.4124,0.1949,0.5244,0.1243,temporal
acspubcov,resnet,0.3,0.6778,0.653,0.01,0.056,0.035,0.0878,0.3821,0.1806,0.5203,0.1273,temporal
acspubcov,tabtransformer,0.3,0.6584,0.6326,0.01,0.056,0.035,0.0878,0.3821,0.1806,0.5203,0.1273,temporal
acspubcov,mlp,0.3,0.6829,0.6666,0.0106,0.058,0.0352,0.0904,0.4107,0.1889,0.5099,0.132,temporal
acspubcov,lightgbm,0.3,0.7716,0.7329,0.01,0.0574,0.0361,0.0792,0.4041,0.1999,0.5433,0.1185,temporal
acspubcov,dro,0.3,0.6599,0.6339,0.0079,0.0578,0.0282,0.0628,0.3112,0.1879,0.4224,0.0966,temporal
acspubcov,ft_transformer,0.3,0.5908,0.5594,0.0122,0.06,0.0513,0.0642,0.4157,0.1957,0.5343,0.1295,temporal
acspubcov,catboost,0.3,0.8034,0.774,0.0087,0.0511,0.0309,0.0696,0.3479,0.1645,0.4595,0.1042,temporal
acsunemployment,FairRS (demographic_parity),0.3,0.8612,0.8001,0.0904,0.0007,0.1296,0.1768,0.1251,0.0022,0.0213,0.0,temporal
acsunemployment,FairGS (equalized_odds),0.3,0.8554,0.7953,0.0847,0.0006,0.1214,0.1656,0.1171,0.0021,0.0199,0.0,temporal
acsunemployment,FairGS (demographic_parity),0.3,0.8477,0.7883,0.0838,0.0006,0.12,0.1637,0.1158,0.002,0.0197,0.0,temporal
acsunemployment,FairEG (equalized_odds),0.3,0.8495,0.7868,0.0832,0.0006,0.1192,0.1627,0.115,0.002,0.0196,0.0,temporal
acsunemployment,FairEG (demographic_parity),0.3,0.8669,0.8062,0.0925,0.0007,0.1325,0.1809,0.1278,0.0022,0.0218,0.0,temporal
acsunemployment,FairRS (equalized_odds),0.3,0.8736,0.812,0.087,0.0007,0.1246,0.1701,0.1204,0.0021,0.0205,0.0,temporal
acsunemployment,vrex,0.3,0.101,0.941,0.1597,0.0011,0.2291,0.3254,0.2322,0.004,0.0395,0.0,temporal
acsunemployment,mixup,0.3,0.9536,0.8851,0.1506,0.0012,0.2097,0.3241,0.2171,0.0039,0.0355,0.0,temporal
acsunemployment,group_dro,0.3,0.9618,0.8771,0.1507,0.0011,0.2094,0.3173,0.2173,0.0039,0.0356,0.0,temporal
acsunemployment,resnet,0.3,0.8225,0.7703,0.1564,0.0011,0.2155,0.3324,0.2019,0.0036,0.0354,0.0,temporal
acsunemployment,tabtransformer,0.3,0.7983,0.7415,0.1564,0.0011,0.2155,0.3324,0.2019,0.0036,0.0354,0.0,temporal
acsunemployment,mlp,0.3,0.8285,0.7779,0.1616,0.0011,0.2156,0.3433,0.2161,0.0038,0.0346,0.0,temporal
acsunemployment,lightgbm,0.3,0.9334,0.8573,0.1535,0.0011,0.2214,0.3005,0.2127,0.004,0.0368,0.0,temporal
acsunemployment,dro,0.3,0.7979,0.741,0.1146,0.0011,0.173,0.2384,0.1642,0.0038,0.0288,0.0,temporal
acsunemployment,ft_transformer,0.3,0.7148,0.6535,0.1585,0.0013,0.2267,0.3166,0.219,0.0039,0.0374,0.0,temporal
acsunemployment,catboost,0.3,0.9717,0.9043,0.1321,0.001,0.1892,0.2641,0.1831,0.0033,0.0312,0.0,temporal
acsunemployment,dann,0.3,0.9248,0.8559,0.1491,0.0011,0.207,0.3061,0.2131,0.0038,0.0342,0.0,temporal
anes,FairRS (equalized_odds),0.3,0.7409,0.7847,0.0159,0.0084,0.033,0.0137,0.0296,0.0668,0.0961,0.0356,temporal
anes,FairRS (demographic_parity),0.3,0.73,0.7738,0.0165,0.0088,0.0343,0.0143,0.0308,0.0694,0.0999,0.037,temporal
anes,FairGS (equalized_odds),0.3,0.725,0.7693,0.0155,0.0082,0.0322,0.0134,0.0289,0.0651,0.0938,0.0347,temporal
anes,FairGS (demographic_parity),0.3,0.7182,0.7623,0.0153,0.0081,0.0318,0.0132,0.0285,0.0644,0.0927,0.0343,temporal
anes,FairEG (equalized_odds),0.3,0.7201,0.7608,0.0152,0.0081,0.0316,0.0131,0.0284,0.0641,0.0922,0.0341,temporal
anes,FairEG (demographic_parity),0.3,0.7345,0.78,0.0169,0.009,0.0351,0.0146,0.0315,0.0713,0.1025,0.0379,temporal
anes,dann,0.3,0.7837,0.8276,0.0272,0.0145,0.0548,0.0248,0.0526,0.1226,0.1629,0.0641,temporal
anes,vrex,0.3,0.8562,0.9125,0.0291,0.0151,0.0607,0.0264,0.0573,0.1274,0.1864,0.068,temporal
anes,mixup,0.3,0.808,0.8578,0.0274,0.0155,0.0556,0.0262,0.0535,0.1254,0.167,0.066,temporal
anes,group_dro,0.3,0.8147,0.8484,0.0275,0.0148,0.0554,0.0257,0.0536,0.1254,0.1671,0.0658,temporal
anes,resnet,0.3,0.6955,0.7464,0.0285,0.0146,0.057,0.0269,0.0498,0.116,0.1663,0.0675,temporal
anes,tabtransformer,0.3,0.6746,0.7161,0.0285,0.0146,0.057,0.0269,0.0498,0.116,0.1663,0.0675,temporal
anes,mlp,0.3,0.7002,0.7536,0.0294,0.0151,0.057,0.0278,0.0533,0.1215,0.1623,0.0698,temporal
anes,lightgbm,0.3,0.7903,0.8296,0.028,0.0149,0.0586,0.0243,0.0525,0.1284,0.1729,0.0628,temporal
anes,dro,0.3,0.6758,0.7167,0.0209,0.0151,0.0458,0.0193,0.0405,0.1208,0.135,0.0512,temporal
anes,ft_transformer,0.3,0.6056,0.6321,0.0226,0.0213,0.0642,0.0327,0.0554,0.1204,0.1743,0.0831,temporal
anes,catboost,0.3,0.823,0.8752,0.0241,0.0133,0.0501,0.0214,0.0452,0.1058,0.1465,0.0552,temporal
assistments,FairRS (equalized_odds),0.3,0.8405,0.8654,0.0011,0.0249,0.0103,0.0164,0.0098,0.0868,0.0222,0.0359,temporal
assistments,FairRS (demographic_parity),0.3,0.8278,0.8529,0.0011,0.0259,0.0107,0.0171,0.0102,0.0902,0.0231,0.0373,temporal
assistments,FairGS (equalized_odds),0.3,0.822,0.8483,0.001,0.0243,0.01,0.016,0.0096,0.0846,0.0217,0.035,temporal
assistments,FairGS (demographic_parity),0.3,0.8142,0.8414,0.001,0.024,0.0099,0.0158,0.0094,0.0837,0.0215,0.0346,temporal
assistments,FairEG (equalized_odds),0.3,0.8161,0.8398,0.001,0.0239,0.0098,0.0157,0.0094,0.0832,0.0213,0.0344,temporal
assistments,dann,0.3,0.886,0.9153,0.0018,0.0432,0.017,0.0296,0.0174,0.1589,0.0366,0.0646,temporal
assistments,vrex,0.3,0.9681,1.0074,0.0019,0.0448,0.0188,0.0316,0.019,0.1651,0.0431,0.0686,temporal
assistments,mixup,0.3,0.9138,0.9465,0.0018,0.0459,0.0172,0.0314,0.0177,0.1625,0.0386,0.0667,temporal
assistments,group_dro,0.3,0.922,0.9371,0.0018,0.0438,0.0172,0.0307,0.0178,0.1625,0.0387,0.0664,temporal
assistments,resnet,0.3,0.7849,0.8236,0.0019,0.0433,0.0176,0.0322,0.0165,0.1504,0.0384,0.0681,temporal
assistments,tabtransformer,0.3,0.7621,0.7912,0.0019,0.0433,0.0176,0.0322,0.0165,0.1504,0.0384,0.0681,temporal
assistments,mlp,0.3,0.7914,0.8319,0.0019,0.0449,0.0176,0.0333,0.0177,0.1575,0.0375,0.0705,temporal
assistments,lightgbm,0.3,0.8943,0.9162,0.0019,0.0444,0.0181,0.0291,0.0174,0.1667,0.04,0.0634,temporal
assistments,dro,0.3,0.7645,0.7915,0.0014,0.0448,0.0142,0.0231,0.0134,0.1567,0.0312,0.0516,temporal
assistments,ft_transformer,0.3,0.685,0.6984,0.0,0.0483,0.016,0.0407,0.0371,0.1679,0.0571,0.0847,temporal
assistments,catboost,0.3,0.9313,0.9669,0.0016,0.0395,0.0155,0.0256,0.015,0.1372,0.0339,0.0557,temporal
brfss_blood_pressure,FairRS (equalized_odds),0.3,0.5866,0.627,0.1244,0.105,0.2359,0.0472,0.1231,0.1142,0.2386,0.0437,temporal
brfss_blood_pressure,FairRS (demographic_parity),0.3,0.5777,0.6174,0.1294,0.1092,0.2452,0.0491,0.128,0.1188,0.2481,0.0455,temporal
brfss_blood_pressure,FairEG (demographic_parity),0.3,0.5813,0.6223,0.1323,0.1118,0.2506,0.0502,0.1309,0.1217,0.2536,0.0465,temporal
brfss_blood_pressure,FairEG (equalized_odds),0.3,0.5697,0.6074,0.119,0.1006,0.2256,0.0452,0.1178,0.1095,0.2282,0.0418,temporal
brfss_blood_pressure,FairGS (demographic_parity),0.3,0.568,0.6088,0.1198,0.1012,0.2269,0.0455,0.1186,0.1101,0.2296,0.0421,temporal
brfss_blood_pressure,FairGS (equalized_odds),0.3,0.5734,0.6138,0.1212,0.1023,0.2295,0.046,0.1199,0.1113,0.2322,0.0426,temporal
brfss_blood_pressure,catboost,0.3,0.6516,0.6989,0.189,0.166,0.358,0.0733,0.1875,0.1805,0.3623,0.0677,temporal
brfss_blood_pressure,dro,0.3,0.5353,0.5725,0.1639,0.188,0.3273,0.0661,0.1679,0.2062,0.3338,0.0627,temporal
brfss_blood_pressure,dann,0.3,0.6203,0.6616,0.2129,0.1815,0.3916,0.085,0.2181,0.2094,0.4062,0.0786,temporal
brfss_blood_pressure,vrex,0.3,0.6778,0.7278,0.2281,0.1879,0.4338,0.0904,0.2377,0.2173,0.4607,0.0834,temporal
brfss_blood_pressure,mixup,0.3,0.6393,0.6844,0.2154,0.1928,0.397,0.09,0.2221,0.2139,0.4134,0.081,temporal
brfss_blood_pressure,group_dro,0.3,0.645,0.6777,0.2156,0.1841,0.3962,0.0881,0.2223,0.214,0.4136,0.0807,temporal
brfss_blood_pressure,resnet,0.3,0.551,0.5967,0.2238,0.1818,0.4076,0.0923,0.2066,0.198,0.4111,0.0828,temporal
brfss_blood_pressure,tabtransformer,0.3,0.5344,0.5723,0.2238,0.1818,0.4076,0.0923,0.2066,0.198,0.4111,0.0828,temporal
brfss_blood_pressure,mlp,0.3,0.5546,0.6018,0.2313,0.1885,0.4079,0.0953,0.2213,0.2074,0.4017,0.0857,temporal
brfss_blood_pressure,lightgbm,0.3,0.6261,0.6625,0.2195,0.1865,0.4186,0.0834,0.2178,0.2192,0.4278,0.077,temporal
brfss_blood_pressure,ft_transformer,0.3,0.4791,0.5052,0.2267,0.1992,0.4288,0.0878,0.2243,0.2156,0.4338,0.0811,temporal
brfss_diabetes,FairEG (equalized_odds),0.3,0.7594,0.6624,0.1062,0.0321,0.1296,0.0285,0.0824,0.0251,0.1006,0.0592,temporal
brfss_diabetes,FairEG (demographic_parity),0.3,0.7746,0.6822,0.1186,0.0347,0.1426,0.0312,0.0889,0.0275,0.1094,0.0644,temporal
brfss_diabetes,FairGS (demographic_parity),0.3,0.7574,0.6657,0.1058,0.0327,0.1304,0.0289,0.0833,0.0258,0.1018,0.0603,temporal
brfss_diabetes,FairGS (equalized_odds),0.3,0.7652,0.6725,0.1074,0.0334,0.1318,0.0294,0.0844,0.0263,0.1032,0.0612,temporal
brfss_diabetes,FairRS (demographic_parity),0.3,0.7689,0.6753,0.1133,0.0356,0.1378,0.0319,0.0903,0.0285,0.1106,0.0659,temporal
brfss_diabetes,FairRS (equalized_odds),0.3,0.7809,0.6836,0.1089,0.0344,0.1328,0.0307,0.0868,0.0273,0.1066,0.0635,temporal
brfss_diabetes,dann,0.3,0.8218,0.7244,0.1998,0.0564,0.2218,0.0507,0.1498,0.0477,0.1728,0.1081,temporal
brfss_diabetes,vrex,0.3,0.9105,0.8105,0.2035,0.0583,0.2399,0.0534,0.1624,0.0495,0.1892,0.1173,temporal
brfss_diabetes,mixup,0.3,0.8611,0.7514,0.1901,0.0601,0.2256,0.0532,0.1468,0.0487,0.1763,0.1125,temporal
brfss_diabetes,group_dro,0.3,0.8693,0.7557,0.1917,0.0572,0.2245,0.0521,0.1519,0.0506,0.1789,0.112,temporal
brfss_diabetes,resnet,0.3,0.7482,0.6625,0.1928,0.0589,0.2326,0.0524,0.1505,0.0488,0.1697,0.1113,temporal
brfss_diabetes,tabtransformer,0.3,0.7181,0.6399,0.1921,0.0564,0.2293,0.0547,0.1448,0.0449,0.1798,0.1144,temporal
brfss_diabetes,mlp,0.3,0.7415,0.6718,0.2046,0.0584,0.2306,0.0563,0.1507,0.0473,0.1728,0.1188,temporal
brfss_diabetes,lightgbm,0.3,0.8064,0.7015,0.1951,0.0578,0.2378,0.0492,0.1486,0.0501,0.1847,0.1067,temporal
brfss_diabetes,dro,0.3,0.7284,0.6224,0.1456,0.0584,0.1852,0.0391,0.1144,0.0471,0.1437,0.0869,temporal
brfss_diabetes,ft_transformer,0.3,0.6229,0.5424,0.2206,0.0596,0.2344,0.0599,0.1536,0.0474,0.1791,0.1133,temporal
brfss_diabetes,catboost,0.3,0.8729,0.769,0.168,0.0515,0.2025,0.0433,0.1281,0.0412,0.156,0.0939,temporal
college_scorecard,FairRS (demographic_parity),0.3,0.8422,0.8518,0.1675,0.0136,0.2174,0.3318,0.0278,0.0211,0.0402,0.0622,temporal
college_scorecard,FairGS (equalized_odds),0.3,0.8361,0.847,0.157,0.0128,0.2037,0.3108,0.026,0.0197,0.0376,0.0582,temporal
college_scorecard,FairGS (demographic_parity),0.3,0.8276,0.8396,0.1552,0.0126,0.2013,0.3075,0.0257,0.0195,0.0372,0.0576,temporal
college_scorecard,FairEG (equalized_odds),0.3,0.8295,0.8381,0.1543,0.0125,0.2002,0.3058,0.0256,0.0194,0.037,0.0573,temporal
college_scorecard,FairEG (demographic_parity),0.3,0.8464,0.8594,0.1714,0.0139,0.2224,0.3398,0.0284,0.0216,0.0411,0.0637,temporal
college_scorecard,FairRS (equalized_odds),0.3,0.8548,0.8646,0.1611,0.0131,0.2092,0.3191,0.0267,0.0203,0.0387,0.0598,temporal
college_scorecard,ft_transformer,0.3,0.6981,0.6971,0.3063,0.0216,0.3944,0.5943,0.0687,0.0432,0.0727,0.0935,temporal
college_scorecard,catboost,0.3,0.9492,0.965,0.2449,0.0207,0.3177,0.4972,0.0408,0.0321,0.0588,0.0929,temporal
college_scorecard,dro,0.3,0.7798,0.7903,0.2125,0.0234,0.2901,0.4485,0.0365,0.0367,0.0541,0.0861,temporal
college_scorecard,lightgbm,0.3,0.9122,0.9144,0.2842,0.0232,0.3715,0.566,0.0474,0.039,0.0694,0.1057,temporal
college_scorecard,mlp,0.3,0.809,0.8305,0.2996,0.0235,0.3615,0.6463,0.0481,0.0369,0.0651,0.1176,temporal
college_scorecard,tabtransformer,0.3,0.7793,0.7904,0.2898,0.0227,0.3616,0.6257,0.0448,0.0352,0.0667,0.1137,temporal
college_scorecard,dann,0.3,0.903,0.9126,0.2757,0.0226,0.3474,0.5767,0.0474,0.0372,0.0644,0.1077,temporal
college_scorecard,vrex,0.3,0.9873,1.0054,0.2955,0.0234,0.3845,0.6127,0.0518,0.0387,0.0748,0.1145,temporal
college_scorecard,mixup,0.3,0.9307,0.9452,0.2789,0.0241,0.352,0.6095,0.0483,0.0381,0.067,0.111,temporal
college_scorecard,group_dro,0.3,0.9394,0.9353,0.2791,0.023,0.3515,0.5968,0.0484,0.0381,0.0671,0.1108,temporal
college_scorecard,resnet,0.3,0.8029,0.8244,0.2898,0.0227,0.3616,0.6257,0.0448,0.0352,0.0667,0.1137,temporal
diabetes_readmission,FairGS (demographic_parity),0.3,0.5565,0.5359,0.3663,0.0579,0.2885,0.0551,0.1073,0.0317,0.1091,0.0298,temporal
diabetes_readmission,FairEG (equalized_odds),0.3,0.5583,0.5344,0.3641,0.0576,0.2866,0.0548,0.1066,0.0315,0.1084,0.0296,temporal
diabetes_readmission,FairGS (equalized_odds),0.3,0.5619,0.5408,0.3705,0.0586,0.2918,0.0558,0.1085,0.0321,0.1103,0.0301,temporal
diabetes_readmission,FairEG (demographic_parity),0.3,0.5698,0.5474,0.4047,0.064,0.3185,0.0609,0.1185,0.0351,0.1204,0.0329,temporal
diabetes_readmission,vrex,0.3,0.6641,0.6407,0.6984,0.1076,0.5513,0.1099,0.2157,0.0626,0.2186,0.0592,temporal
diabetes_readmission,FairRS (demographic_parity),0.3,0.5662,0.5445,0.3956,0.0625,0.3116,0.0596,0.1158,0.0343,0.1177,0.0322,temporal
diabetes_readmission,mixup,0.3,0.6266,0.602,0.6591,0.1104,0.5044,0.1093,0.2016,0.0617,0.1961,0.0575,temporal
diabetes_readmission,group_dro,0.3,0.6326,0.5961,0.6594,0.1053,0.504,0.107,0.2018,0.0617,0.1963,0.0573,temporal
diabetes_readmission,resnet,0.3,0.5396,0.5243,0.6846,0.1042,0.5183,0.112,0.1873,0.057,0.1954,0.0587,temporal
diabetes_readmission,tabtransformer,0.3,0.5238,0.5035,0.6846,0.1042,0.5183,0.112,0.1873,0.057,0.1954,0.0587,temporal
diabetes_readmission,mlp,0.3,0.544,0.5296,0.7077,0.1079,0.5182,0.1157,0.2007,0.0597,0.1906,0.0607,temporal
diabetes_readmission,lightgbm,0.3,0.6141,0.5829,0.6718,0.1067,0.5324,0.1012,0.1975,0.0632,0.203,0.0547,temporal
diabetes_readmission,dro,0.3,0.5245,0.5038,0.5015,0.1078,0.4157,0.0803,0.1523,0.0594,0.1584,0.0445,temporal
diabetes_readmission,ft_transformer,0.3,0.4698,0.4443,0.6938,0.1139,0.546,0.1067,0.2034,0.0622,0.206,0.0575,temporal
diabetes_readmission,catboost,0.3,0.639,0.61489,0.5782,0.095,0.455,0.089,0.17,0.052,0.172,0.048,temporal
diabetes_readmission,dann,0.3,0.6082,0.5817,0.6515,0.1038,0.4976,0.1032,0.1978,0.0603,0.1896,0.0557,temporal
diabetes_readmission,FairRS (equalized_odds),0.3,0.5748,0.554,0.3808,0.0601,0.3,0.0573,0.1114,0.033,0.1133,0.031,temporal
heloc,FairRS (equalized_odds),0.3,0.6675,0.6458,0.0177,0.0096,0.0261,0.2144,0.1733,0.1682,0.3528,0.1801,temporal
heloc,FairRS (demographic_parity),0.3,0.657,0.6347,0.0184,0.01,0.0271,0.2231,0.1801,0.1748,0.3668,0.1872,temporal
heloc,FairGS (equalized_odds),0.3,0.6517,0.6306,0.0173,0.0093,0.0254,0.2092,0.1688,0.164,0.3438,0.1753,temporal
heloc,FairGS (demographic_parity),0.3,0.645,0.6252,0.0171,0.0092,0.0251,0.2066,0.1669,0.1622,0.34,0.1734,temporal
heloc,FairEG (equalized_odds),0.3,0.6468,0.6237,0.017,0.0092,0.0249,0.2053,0.166,0.1614,0.3381,0.1724,temporal
heloc,FairEG (demographic_parity),0.3,0.6601,0.6394,0.0189,0.0102,0.0277,0.2281,0.1844,0.1795,0.3758,0.1916,temporal
heloc,dann,0.3,0.7047,0.678,0.0304,0.0166,0.0432,0.3859,0.3066,0.3089,0.5835,0.3241,temporal
heloc,vrex,0.3,0.7704,0.7466,0.0326,0.0172,0.0478,0.4109,0.3346,0.3206,0.6827,0.344,temporal
heloc,mixup,0.3,0.7271,0.7031,0.0308,0.0177,0.0438,0.4087,0.3124,0.3156,0.6125,0.3336,temporal
heloc,group_dro,0.3,0.7335,0.6946,0.0308,0.0169,0.0437,0.4,0.3126,0.3157,0.6127,0.3333,temporal
heloc,resnet,0.3,0.626,0.6107,0.0319,0.0167,0.0449,0.4195,0.2899,0.2923,0.6091,0.3418,temporal
heloc,tabtransformer,0.3,0.6078,0.5869,0.0319,0.0167,0.0449,0.4195,0.2899,0.2923,0.6091,0.3418,temporal
heloc,mlp,0.3,0.631,0.6166,0.0329,0.0173,0.0449,0.433,0.3109,0.306,0.595,0.3536,temporal
heloc,lightgbm,0.3,0.7119,0.6791,0.0314,0.0171,0.0462,0.3789,0.3067,0.3234,0.634,0.3179,temporal
heloc,dro,0.3,0.6085,0.5872,0.0234,0.0172,0.0361,0.3006,0.2362,0.3042,0.4949,0.2592,temporal
heloc,ft_transformer,0.3,0.5451,0.5175,0.0315,0.0199,0.0434,0.3898,0.3138,0.3172,0.6245,0.3278,temporal
heloc,catboost,0.3,0.741,0.7167,0.027,0.0152,0.0395,0.3333,0.2636,0.2664,0.5369,0.2794,temporal
mimic_extract_los_3,FairRS (equalized_odds),0.3,0.6407,0.6636,0.0555,0.0304,0.0673,0.0143,0.3384,0.0471,0.4298,0.1928,temporal
mimic_extract_los_3,FairRS (demographic_parity),0.3,0.6307,0.6535,0.0577,0.0316,0.0698,0.0149,0.3518,0.049,0.4465,0.2003,temporal
mimic_extract_los_3,FairGS (equalized_odds),0.3,0.626,0.65,0.0541,0.0296,0.0655,0.0139,0.3298,0.0458,0.4185,0.1871,temporal
mimic_extract_los_3,FairGS (demographic_parity),0.3,0.6199,0.6433,0.0534,0.0292,0.0647,0.0138,0.326,0.0453,0.4136,0.185,temporal
mimic_extract_los_3,FairEG (equalized_odds),0.3,0.622,0.6419,0.0531,0.0291,0.0643,0.0137,0.3244,0.0451,0.4116,0.1842,temporal
mimic_extract_los_3,FairEG (demographic_parity),0.3,0.6344,0.6583,0.059,0.0323,0.0714,0.0152,0.3607,0.0501,0.4576,0.2047,temporal
mimic_extract_los_3,dann,0.3,0.6777,0.6999,0.0951,0.0524,0.1114,0.0258,0.6018,0.0864,0.734,0.3465,temporal
mimic_extract_los_3,vrex,0.3,0.7405,0.7711,0.1018,0.0543,0.1234,0.0275,0.6567,0.0896,0.8318,0.3673,temporal
mimic_extract_los_3,mixup,0.3,0.6987,0.7222,0.096,0.0559,0.113,0.0274,0.6135,0.0882,0.7461,0.3558,temporal
mimic_extract_los_3,group_dro,0.3,0.7048,0.7173,0.0962,0.0533,0.1128,0.0268,0.6137,0.0882,0.7463,0.3556,temporal
mimic_extract_los_3,resnet,0.3,0.6005,0.6312,0.0999,0.0526,0.1155,0.0281,0.5695,0.0815,0.7409,0.364,temporal
mimic_extract_los_3,tabtransformer,0.3,0.5826,0.6018,0.0999,0.0526,0.1155,0.0281,0.5695,0.0815,0.7409,0.364,temporal
mimic_extract_los_3,mlp,0.3,0.6047,0.637,0.1031,0.0545,0.1158,0.0289,0.61,0.0854,0.7245,0.3775,temporal
mimic_extract_los_3,lightgbm,0.3,0.6839,0.7013,0.0979,0.0539,0.1191,0.0254,0.6016,0.0904,0.7717,0.3392,temporal
mimic_extract_los_3,dro,0.3,0.5844,0.606,0.0732,0.0543,0.093,0.0201,0.4634,0.085,0.6021,0.2766,temporal
mimic_extract_los_3,ft_transformer,0.3,0.5238,0.5344,0.0949,0.063,0.1088,0.0235,0.61,0.0804,0.7954,0.3632,temporal
mimic_extract_los_3,catboost,0.3,0.712,0.7401,0.0844,0.048,0.1018,0.0223,0.5175,0.0744,0.6537,0.2983,temporal
mimic_extract_mort_hosp,FairRS (equalized_odds),0.3,0.8424,0.8056,0.0356,0.0175,0.0418,0.0479,0.1485,0.0129,0.1497,0.6091,temporal
mimic_extract_mort_hosp,FairRS (demographic_parity),0.3,0.8299,0.793,0.037,0.0182,0.0434,0.0498,0.1544,0.0134,0.1557,0.6331,temporal
mimic_extract_mort_hosp,FairGS (demographic_parity),0.3,0.8156,0.7817,0.0343,0.0169,0.0402,0.0462,0.143,0.0124,0.1442,0.5866,temporal
mimic_extract_mort_hosp,FairEG (equalized_odds),0.3,0.8175,0.7801,0.0341,0.0168,0.04,0.0459,0.1422,0.0123,0.1434,0.583,temporal
mimic_extract_mort_hosp,FairEG (demographic_parity),0.3,0.8342,0.7999,0.0379,0.0187,0.0445,0.051,0.158,0.0137,0.1595,0.6481,temporal
mimic_extract_mort_hosp,FairGS (equalized_odds),0.3,0.8237,0.7885,0.0347,0.0171,0.0407,0.0467,0.1447,0.0125,0.1459,0.5936,temporal
mimic_extract_mort_hosp,dann,0.3,0.8902,0.8491,0.0611,0.0304,0.0697,0.0866,0.2635,0.0222,0.2557,1.0962,temporal
mimic_extract_mort_hosp,vrex,0.3,0.9738,0.9351,0.0654,0.0315,0.077,0.0921,0.2877,0.0245,0.2902,1.1633,temporal
mimic_extract_mort_hosp,mixup,0.3,0.9184,0.8772,0.0617,0.0324,0.0705,0.0917,0.2686,0.0241,0.2602,1.1267,temporal
mimic_extract_mort_hosp,group_dro,0.3,0.9265,0.8703,0.0618,0.0309,0.0703,0.0897,0.2688,0.0241,0.2604,1.1263,temporal
mimic_extract_mort_hosp,resnet,0.3,0.7891,0.7621,0.0641,0.0305,0.072,0.0942,0.2494,0.0223,0.2583,1.1536,temporal
mimic_extract_mort_hosp,tabtransformer,0.3,0.7664,0.7389,0.0641,0.0305,0.072,0.0942,0.2494,0.0223,0.2583,1.1536,temporal
mimic_extract_mort_hosp,lightgbm,0.3,0.8993,0.8503,0.0629,0.0312,0.0742,0.0849,0.2634,0.0247,0.269,1.0738,temporal
mimic_extract_mort_hosp,dro,0.3,0.7687,0.7349,0.047,0.0315,0.058,0.0674,0.2032,0.0232,0.2102,0.8752,temporal
mimic_extract_mort_hosp,ft_transformer,0.3,0.6887,0.648,0.0646,0.0383,0.0723,0.0922,0.2688,0.0249,0.2772,1.1205,temporal
mimic_extract_mort_hosp,catboost,0.3,0.936,0.8972,0.0542,0.0278,0.0635,0.0747,0.2267,0.0203,0.2279,0.9444,temporal
mimic_extract_mort_hosp,mlp,0.3,0.7954,0.7721,0.0663,0.0316,0.0723,0.097,0.2676,0.0233,0.2525,0.1937,temporal
nhanes_lead,FairEG (demographic_parity),0.3,0.8582,0.3914,0.0,0.0022,0.0023,0.0298,0.0303,0.0293,0.0,0.0,temporal
nhanes_lead,FairEG (equalized_odds),0.3,0.8409,0.3819,0.0,0.002,0.0021,0.0268,0.0272,0.0264,0.0,0.0,temporal
nhanes_lead,FairGS (demographic_parity),0.3,0.8391,0.3827,0.0,0.002,0.0021,0.027,0.0274,0.0266,0.0,0.0,temporal
nhanes_lead,FairGS (equalized_odds),0.3,0.8472,0.3867,0.0,0.002,0.0022,0.0273,0.0277,0.0269,0.0,0.0,temporal
nhanes_lead,FairRS (demographic_parity),0.3,0.8536,0.39,0.0,0.0022,0.0023,0.0291,0.0296,0.0287,0.0,0.0,temporal
nhanes_lead,FairRS (equalized_odds),0.3,0.8669,0.3959,0.0,0.0021,0.0022,0.028,0.0285,0.0276,0.0,0.0,temporal
nhanes_lead,catboost,0.3,0.9631,0.4392,0.0,0.0032,0.0033,0.0435,0.0435,0.0435,0.0,0.0,temporal
nhanes_lead,ft_transformer,0.3,0.7082,0.3172,0.0,0.0435,0.0435,0.0435,0.042,0.0,0.042,0.0,temporal
nhanes_lead,lightgbm,0.3,0.9253,0.4166,0.0,0.0036,0.0039,0.0495,0.0506,0.0528,0.0,0.0,temporal
nhanes_lead,dann,0.3,0.9163,0.4157,0.0,0.0035,0.0036,0.0504,0.0506,0.0505,0.0,0.0,temporal
nhanes_lead,vrex,0.3,0.9151,0.4576,0.0,0.0036,0.004,0.0537,0.0551,0.0524,0.0,0.0,temporal
nhanes_lead,mixup,0.3,0.9462,0.4309,0.0,0.0037,0.0037,0.0534,0.0515,0.0516,0.0,0.0,temporal
nhanes_lead,group_dro,0.3,0.9542,0.4257,0.0,0.0036,0.0037,0.0522,0.0516,0.0516,0.0,0.0,temporal
nhanes_lead,resnet,0.3,0.8145,0.3743,0.0,0.0035,0.0037,0.0548,0.0479,0.0477,0.0,0.0,temporal
nhanes_lead,tabtransformer,0.3,0.7906,0.3601,0.0,0.0035,0.0037,0.0548,0.0479,0.0477,0.0,0.0,temporal
nhanes_lead,mlp,0.3,0.8211,0.3781,0.0,0.0036,0.0038,0.0566,0.0513,0.0499,0.0,0.0,temporal
nhanes_lead,dro,0.3,0.79,0.3598,0.0,0.0036,0.003,0.0392,0.039,0.0496,0.0,0.0,temporal
physionet,FairRS (equalized_odds),0.3,0.8835,0.4945,0.0,0.0,0.0,0.0,0.024,0.0,0.024,0.0,temporal
physionet,FairGS (equalized_odds),0.3,0.864,0.4834,0.0,0.0,0.0,0.0,0.0234,0.0,0.0234,0.0,temporal
physionet,FairGS (demographic_parity),0.3,0.8559,0.4784,0.0,0.0,0.0,0.0,0.0231,0.0,0.0231,0.0,temporal
physionet,FairEG (equalized_odds),0.3,0.8577,0.4774,0.0,0.0,0.0,0.0,0.023,0.0,0.023,0.0,temporal
physionet,FairEG (demographic_parity),0.3,0.875,0.4893,0.0,0.0,0.0,0.0,0.0255,0.0,0.0256,0.0,temporal
physionet,FairRS (demographic_parity),0.3,0.8703,0.4871,0.0,0.0,0.0,0.0,0.025,0.0,0.025,0.0,temporal
physionet,catboost,0.3,0.9815,0.5494,0.0,0.0,0.0,0.0,0.0366,0.0,0.0366,0.0,temporal
physionet,ft_transformer,0.3,0.7219,0.3968,0.0,0.0,0.0161,0.0054,0.05,0.0,0.0638,0.0,temporal
physionet,dro,0.3,0.8063,0.4501,0.0,0.0,0.0,0.0,0.0328,0.0,0.0337,0.0,temporal
physionet,lightgbm,0.3,0.9435,0.5209,0.0,0.0,0.0,0.0,0.0425,0.0,0.0431,0.0,temporal
physionet,mlp,0.3,0.8378,0.4747,0.0,0.0,0.0,0.0,0.0432,0.0,0.0406,0.0,temporal
physionet,dann,0.3,0.9345,0.5199,0.0,0.0,0.0,0.0,0.0425,0.0,0.0395,0.0,temporal
physionet,vrex,0.3,0.9241,0.5717,0.0,0.0,0.0,0.0,0.0464,0.0,0.0465,0.0,temporal
physionet,mixup,0.3,0.9633,0.5383,0.0,0.0,0.0,0.0,0.0433,0.0,0.0417,0.0,temporal
physionet,group_dro,0.3,0.9716,0.5324,0.0,0.0,0.0,0.0,0.0434,0.0,0.0418,0.0,temporal
physionet,resnet,0.3,0.8312,0.4684,0.0,0.0,0.0,0.0,0.0403,0.0,0.0416,0.0,temporal
physionet,tabtransformer,0.3,0.8067,0.4503,0.0,0.0,0.0,0.0,0.0403,0.0,0.0416,0.0,temporal
